date,company,qualification,job_title,location,area,salary_min,salary_max,salary_type,salary_raw,source_url
2026-04-21,リタリコ,児童発達支援管理責任者,児童発達支援管理責任者,,その他,,,,,https://jp.indeed.com/pagead/clk?mo=r&ad=-6NYlbfkN0CUd62ejcYgNtEskQf8iWHKsyRo-G8VZW4yFMxbcEjpjLErkKXquBWrrtaXG4Hr1NBhxe0gKiYiyJ-8VaSsSynzQtKrLDYKn7cDRP2Lay2jcwd8KhvytAzeanHc7PFFVgj094fyVjNhMxafnDE3jAWy9HbmR-Q9s_ihrxclMAAgO0J2WEtO0cIofPfdRJLkH18DJzh_tOFy3bwuhn-mO5LmeXl8POSIlYchNnOzsoWAi3Om0KDIDMfiS14M36k3pqT0dKv3VWwFGBPT87YRyxRU2w3CnC8c8UCqU26zzQ9pHeagqne4BFkVECYqdl5OJaJufiNXoxC-ukjQZPPGlZr3fM5nzk1LKSGuB-siNkKphii9fkt83etHojgL7E-pPje91prXV7BIo-6Nux7hyoRbPtJIGN0AhhKOxTnwjbSSCSlM8cnYb0VyhT9Na7iVVsM7Jbs0HkJNd2V50gVpiLxXKnQ1EnVsMdsOQu2BPhcaqOBHoulrGZRRwurp20jTeCV-iitTefh3T646QCVwK3uuQv3SYaFifqNoKurONRKbYJCuVB5kiCghhpC_RuKhKWKC7JH1GtE3PwSoHVu5lsuD3f2YDE0KFmKBld3aqfxQFFoJ5bJZWiPryfQdQZCHjpoCtAc7TcUGnI4mNazW_uGOtf4vR2LJeBfMzpTExROyi82qoXa2ykVtQ8jDIXxXkQxS8WuMQRsMy7hTxsSHYInhZIZUz5zjOBkmkyaKMo_9m8Q-yQvblC622GgVHJs-cSBWkH6h4l7hZq_ylHd2P1ODP6WrEx9r9KNgPFZf7R1ThoykKHcXRq1W1hisoFQRhp_gJfiZTRIjLM5oq99BfQE5aVwF3825vQc-r-evn4lu7TsT_kfWeK-GSRkTGejA0EiZ1BGUbkUXSDG6L34o8qWjThs42nz8YLhuP_BloPK6Yd-Ay_AzHnzlaDNtntzFsMRNJdv-4OvalM37EG4jwqdDsEiEgE09l0EfthvR0ksyUHqWxj5B7sB71lnKnA2E3nXl72WKF9GqzZeTS4Oj3slV_TTbFREJ9IE=&xkcb=SoAV6_M3kYE4mSwE8R0LbzkdCdPP&camk=C3EPSzFlQw94LN07B8r6Uw==&p=0&fvj=0&vjs=3
2026-04-21,リタリコ,児童発達支援管理責任者,児童発達支援管理責任者,,その他,,,,,https://jp.indeed.com/pagead/clk?mo=r&ad=-6NYlbfkN0Bek0Ln6KaAk5z-cjMct7zwESi9b8zsNh4zDOPYSe1pkNv5GgIHkVOl3Uh6zp0BwRk1B54jhBffv0GytIu5Ai1KDKeElSP_ZfXM3SxXjmIk2gnRf8RFkNWRYaUX2xQgNv1oaAL-h4BJs427_QFdevn8dRGuVDSwH34XIdvrAMnJPVb6Rx-YV2mDnlStDFb4NNjsbReVcSNl7UE2uH-pzGRaAr7Aum4nhgaTOu3s5Su8IkewypA1BHy5ICp6IgLueV3lrfDb17SkleQZRGp8FFRokJGT5oa8WfhjL0VYK7NGsxfms7wg8rt8QReVnbw7dzDXbELrGmtVw8eJm1_x7q6XtkWWLTqiq9Bsrtu7kz2nE35BdPvtL1FVgIvyTPoOD2UH7IWUEvDtEVdBS8yNeGwwYw6Ztem6QWptwUtAI80pz_kggo-lYKOSQM4VeOonbgTCz5gUosuxBxPgpPw4RwAdnL3xjLG6-pkWMhnXv54QPDEVn-pIRM5KJIb9tLSdt0UZSkAF1l1tghreamH9RrmvGU1gYhFrNTpLe6b6BUi8_v0tR4QYlGVrnOCbjjBUmno15n0aX9l2N2rIUG0WjESvmaaeRol3RNRzHoBFwDzViCU8Vs_qmiBEUh17XJ9nPaqD3LkpONhBsc_yYhXt9mHOTPSs5XrzWeeUoui8lGO9hSiDahTL9EYORblIQVx3R4Q7W2p97DHZpH7_kBGuuWKH6kOPlFhBHfA3pei8XMPZAfiEOf1hN5SlO2I45aoRjs7ZwmoDKoYbKfPyMIIpecamkDrde47LOMMK9oboOeAZvyBTBICTYq6jpZR3I1FeIKe85UYOKEk9jkR3kloxQRVNtJHs9MO2bxtLQUwgaahL779a24cfpjmrMNQbb9yzyTbusu5XMutIBXVI6Gabu9O4c9t4gWW0vviaPtNfi3c2sJvO_T2rQMg-ZYkeOZJZ9fLLOzP6-P7kwnEXytU8CkN9mKO2yMUpOvLMpBDiIHt04G0tSd0ap8per3SjnpFt6xKwo5BPWyYTgP2YyGgGQyE0nkmbBWqRm1A=&xkcb=SoCh6_M3kYE4mSwE8R0KbzkdCdPP&camk=C3EPSzFlQw-ONwEFtE3xHA==&p=1&fvj=0&vjs=3
2026-04-21,リタリコ,児童発達支援管理責任者,児童発達支援での児童発達支援管理責任者,東京都 大田区 京急蒲田駅,首都圏,,,,,https://jp.indeed.com/pagead/clk?mo=r&ad=-6NYlbfkN0DHqJgBJ2M8PGxB0PSEoMCQ0SVZb6uHc3E1eTFO9IRBecmqU6k_43_ou4JKoPXB-x8xy9jFzLTA9FAbxZLWfGiH-FGjK1WLwdI25FDNbC8SIuLPElaSEFPX4aG8q_y-CAzyyhGpKTmgZP72ZsuSyIHXi-WX8Hkbw3nWIWPmPu9MlM4FggvR95dFfxi5tvzXUDtkn1_0Nwf6I26-CYRNvhPv_LT-Kbp7vZ8AmRaGvwPDpZ22yMUpO9Iw_FgZNggtvtLosryQYzX4siQNaljZAnIGU-djTklJf_V9TUAqLT1PNhRHfMUX7h5Tjn050PDrs7QTZVvN_-I0IDUfPYvM3E5Gvws2-mr74iL0FYmFdabmKSC3vAR34iEybLyaSX7T34boQ8zrgYjQDMcVUfpG57MTmiA-PLLB7s56a_iXhofW3UGQiWkuS27ALRFiNdYpwdWlAVb80uwyQQzS4DNPLvYi64x4lGhAf68PDofoOxY7hH35nsl5Vnc3CPsTGD8FZ2f8QVol3O9THpDqnupXsf6TWvpJN3TQqlubR1_F5e2eG86BXO8qAqUwCdSRonyAWGgHW_B4QvUnoHbnDLJi-uHm61Ln-9iKp008YxakaTpz5IRQiT4ZM5Y18Yf45o6sX6BXte0Qq0dl0skZ1I0DABa6muGIQqU_ElLf4IHBRn3OHSvnU7CSbIflOEnDuB0DRio_FuuH9Ci5AhFlFKwTtAcqDj5GcRwFGCRK4StBn5fLI-in2Q26qj1-agJCV4g6hxNnF79N4SwKUor2Dt6rrGeJr9zwGbZcEw7V_RTnnKz_82RvjM-NORTdeH-93v72GDgtbzjTeuIlKDk_heNuwgKagKGEjIFula-cAHpP2S9EiA==&xkcb=SoA86_M3kYE4mSwE8R0JbzkdCdPP&camk=UoKtGZLa3XIzcwvN2wJPLw==&p=2&fvj=0&vjs=3
2026-04-21,リタリコ,児童発達支援管理責任者,児童発達支援・放課後デイサービスでの児童発達支援管理責任者,埼玉県 新座市 新座駅,首都圏,,,,,https://jp.indeed.com/pagead/clk?mo=r&ad=-6NYlbfkN0DHqJgBJ2M8PGxB0PSEoMCQ0SVZb6uHc3E1eTFO9IRBecmqU6k_43_ou4JKoPXB-x8xy9jFzLTA9MEx-a9Xi29r81bqlUJOJ5WuflEa9pHcRpbk3gzbI1z2X1L8afIZt7BdVcw6fRnCz4_pzRqwfGNZeXnd4JYh1Dib6ZqUMi6g9oM6uAxm4vHD2JucOqjbiy9wZS_YFrbnlEo0NGIGyspg2bcEs2nWN5beA9wJlbDQHbXJZuSSfet3Donx6xXVnxIRrgJAdvlvnjtcGNBvbD1douEibqIdrCqcSFlFWs1Stu5veLXUIOm4r1L6wlXoygU_l0cF-jNfb6wgvYxIaVRpimJuWC0NTPKdjY9zodMmRTAsf8oY0_vSTWALFxG1nVLdcZGPrc5l9xmLgsZ7s1lDWWqZFcG6DLCwo38JVZ3y266vfn8KzdAqX8s62WYLnQnMSdiQ214uPV4dPfa0cSPGwliaKDzQq1GtnOdpaqfeXtNeaB6H8OSWBoIfs9U9sOMc2zL5YcgQJA-82YXFEyt5-EhER_EoQVDXMTeqcXU9DshAkqmZiyExmUQK39BeQUSNTOjUQHCem46rQbe4g6xlhyLvNHzQev3n5ua2ezb-PbUw3bBc0-62wthweKVlo_TiKK7-EE-jYCVolrDS5YXvPb44V-kXlW41UgMymZK0ohbIdMsf0n97LK_SzyfS7K7N1Yio6lmNAsTU_MURIgGUbR5GxlphS10iTVAgBKD7ui_yojCEMggbTeurd3bGjoJDh7CKGLtBPifVb3jfJYBRyHbFyuHCHG7qZIU06xFcaGuANwq8w_Bj2bwjX1-sVXoLZN9WDjcoV5qY4qwJPQZDjgO3ZFRrAuo=&xkcb=SoCI6_M3kYE4mSwE8R0IbzkdCdPP&camk=UoKtGZLa3XIzcwvN2wJPLw==&p=3&fvj=0&vjs=3
2026-04-21,リタリコ,児童発達支援管理責任者,児童発達支援管理責任者,,その他,,,,,https://jp.indeed.com/pagead/clk?mo=r&ad=-6NYlbfkN0DcWTLc2p1kXTsV_UCXxulzn1IqKzBxNeai1C34iOXIn2kRzY_AvdbC0qTKMmxGvT6Y5feK3c_5bsNQFxuPcB27rA-M8D3nxzySp9k67urLDqKCT7DkUtbI0Am8YnLRMtxQsKbLzkdD_eWw_HFLNeAIHbZOjhK4-pXiZ5hNHldFW-j1v-6DkK4PamBXiBIZooFSirCyCRN4SFLueaWtVY-4eCYIoBPucnZFh3Bi9je90QRkuKbBZpu8XnxeRrK50OSCt0sC8tgsQNjEcYKreaP1WnmpI2rEgQduGpCA1_yT3oCaN28DIT1KWRBaJMF7DdbBCGRK5gY8uhu0NFLruSL_2bxMqfXFNwwhBjG6AhFG5XwvgFety6eBUp6csWaXtrd1PSnmH4gY7vni4SQVjnAdJQyo_kq5K6ssV8p4KZq7GbNRpHG2MN4QuuIDco3nVy_9gRploVlo6XsIyjbsd0gUr6CX_kMiw5AK21LMVAZetMHZJ8I1KQGit0ZoQNcw-DfQdI7d1fvdWbZlEQ2h4G3PHEE8VMNO863aI79FkFE7iHXuIqWwC4YAZEMBwveT_0sz5suz_Hipl_C5nv-BeTQsO3PnKvD4H1vH4Vkdp0iIi1g6EMAEVUwR1BbfSL-3gi3qLRCpRIj4qCwF3ynWOPZKRqQOq5tRcFUOtzvro3u5HzYvv5Sr2Z4OXp97yEB7Wf964o6UEEmLf2gBhVTbckuWqXhdqNwx55zLkfHKUn-MzcUid_8p7yMXYOhgf6H-UD4GpZLVhXgNpw7FXX0cFSyiizzhJGHrOnWGjXoKsNoOOYXmorfFJ1tpPhBkV06B7p0muUULYCiTl__OV5wPDbcekAqYm-YueZjx3Sh1PcrDhmKiE9qRIrKRb-PpO9fDEVubEl_vdX0C4Ze8HhhqG6KZmFwmwh2RnwjHo4PXXhMsbo6G7HCO74o5UEKkrZ1iGYt1rCVANy-fABuCtxdpRrGNI8oSDACIdWDYJEqGTmd36oMDqx0GnBU7LZ-JJOLWQM0bM0cW2zlHEpz06EN6Urspv5qx_8hKq28=&xkcb=SoAG6_M3kYE4mSwE8R0PbzkdCdPP&camk=ethIe0s0heeitZF-DevXiA==&p=4&fvj=0&vjs=3
2026-04-21,リタリコ,児童発達支援管理責任者,新規2店舗目 正社員 サービス管理責任者　就労継続支援B型,福岡県 福岡市 博多区 比恵町,その他,,,,,https://jp.indeed.com/rc/clk?jk=c053bb4a673ff913&bb=DQ9eOpe0P0XTwdMyvVplRzEGMd3am29XmlBDDHFrhsLqvr_NpHHaQFYMYkYlC569M5rVh1uvlOlPdZl1OiWd1iwzMBWqiL7y-5dUyfA9hAkhmvKHu3cjjxpbJBVIutrs&xkcb=SoBG67M3kYE4mSwE8R0ObzkdCdPP&fccid=79dd7a16b4884b14&vjs=3
2026-04-21,リタリコ,児童発達支援管理責任者,サービス管理責任者,福岡県 福岡市 博多区 比恵町,その他,,,,,https://jp.indeed.com/rc/clk?jk=2441cb23f5b6e82f&bb=DQ9eOpe0P0XTwdMyvVplR0i9QsRP0NrZh2PTMX8eImQvCh1wiN4IJJEhkx6W1ZAhqA-eM5iL1nEnLCI8wxIT1JmOO37dLclfKNNsIZN2tER5uNlZxsyB_rqvXQLSNDMs&xkcb=SoDb67M3kYE4mSwE8R0NbzkdCdPP&fccid=1eda028a36064454&vjs=3
2026-04-21,リタリコ,児童発達支援管理責任者,児童発達支援管理責任者,神奈川県 藤沢市 長後,首都圏,,,,,https://jp.indeed.com/rc/clk?jk=ccdd9eb52e108f2a&bb=DQ9eOpe0P0XTwdMyvVplRx44XjgHMgkP7bipsr7IO4fEEB3Q0a99GFZ28yRe1oiYiGdYbjFxM3qwKSsVF6ULovtHOo6mIFBwIr4paff1fCAtEq3FMsjxP6I8HQxs3o0A&xkcb=SoBv67M3kYE4mSwE8R0MbzkdCdPP&fccid=8c6340a9d2eabddc&vjs=3
2026-04-21,リタリコ,児童発達支援管理責任者,児童発達支援管理責任者,神奈川県 横浜市 都筑区 センター南駅,首都圏,,,,,https://jp.indeed.com/pagead/clk?mo=r&ad=-6NYlbfkN0BnNGCxeXPNe_O60WA_J_F71xlipFJ53WtyHV9f06FZAQPhzE4UJdETpZA3zyshhudRetUN8BeD3L6Ycy9162bNgGtRX_uLCERtj_RdDkXc7oUU0oWpWKYhUfcPWiDo4-dNSb-I2w-Q0o0IM8phGg_TNjwoIr1jGp88UHueSlqMhw1mPz9ewVXId2lyjuMwNry1sCDr5Hltc-l2RnL0DXfrtKOKlkHOs0BfFwW98gWxCTMzVTFgKAAL3vbDo8RxiHPEFyei-1vcJugZLlOEklBFHjGDGN5U78aJSjpq_6bs9qqJVKGNIbSedourbi9TtFPyoHi1GWvw4uw2mPZxGvKQ9beI-3XhjTxwOR4kngh0GS8U3HRPXMHmT5_9Owoy0_wNghYxyrJv_hyrnrrQiWcPs8ACX318BugXNuN5d35_xfQ7IwlImvHwqlnAkM7PKh8flVUxxffskFUy0JVIQfqgtQObBcGrCA7BS4bOYdBI_XI75mAZ2OGjW67Glg1V-zJSwHkmraMc7Vjlq_rIiw-Ll4V5u1Ua6GF0DMPHN9nNTIFhJqeR0jT746es5CWEJww2bJNGosgqk9lLxawRkWuRduH0BVJ4RyxYCPfw3F65fIfRVRxlPx86dJOC5M-uR7pL656MIYQIh1qmxU7AiGsuo18AyjKE5HaEI268LOxAnKwubyQ4LJN86_N7ZRu3RQWqGUngYr6LYLoRau58xO7PrJmcCxLlWTMlU_7-y7v3Ly_fykoE4BsUWWcoMLclvlfrZr4hMg4pEII94QwzcptcXceFcGtkHf1_k-r2qUvgWOSa9hYvx6Q6Kr3xzNuaN_YQtHWLbU4Vst9r03jd2f1OFDULAHp_-9_XqAcxa8CHZS1ylM1RTJEsQzSZeTQ2FkkIZxlqhwiq5LNkpcPd4OHqsoFlVkNFFfe9Gt8Kpw3INwJZ-_bsfRT6TnLb2PH259jnwuT1JFwUxUAPdLB0dQNnWEinlLGiZV-10wri328PGNxpJdxznuzETkHnqd53618=&xkcb=SoBy6_M3kYE4mSwE8R0DbzkdCdPP&camk=CPChkbYSGj8335sidEvTtg==&p=8&fvj=0&vjs=3
2026-04-21,リタリコ,児童発達支援管理責任者,児童発達支援管理責任者,神奈川県 横浜市 金沢区 金沢文庫駅,首都圏,,,,,https://jp.indeed.com/pagead/clk?mo=r&ad=-6NYlbfkN0BnNGCxeXPNe_O60WA_J_F71xlipFJ53WtyHV9f06FZAQPhzE4UJdETpZA3zyshhudsgM-0xk1IJ6jVwG4ymCkSCy1GcJ16ATKZEZ1-ScDr4_c0W-4XqQqJNqQrLqz_Jqe9loUwNch4knvbgo_25dKI-fiKfVuBH-CDHLecY9x0MzA_e-RFlCUoHbFC7Gp8X06Or0ULM-OwiOXuzU9ECAhcGsG4R5RyYKA72uYaa4pNmq9CUsNbLOICag3fhcKMpxFV2BGTFnlJM5whOwUmbqKBsU__xyr2zVdkmVgu-Z9KDFoQCO_F_-nxhBmO2MaGQtP_caRjXN9X8iOlAZUgpZHXAx3fDOgx-ekuref85nV1Bt3qZmb4oA3cK7ib9H5N1WVRoG04GzFCR3kSpl9dL8Lq1duYgbPE0WFjD_jBZZmBl1zvCE54I6uupIYO2yQ4I0A9YsEskZNYDO68b3wenfUiTD7VkxK7H8jt4QoOyekQoU6Mf2gAdlQw9ClD4JXpZ5TNZvi6syenvVhcUoUzts2Ua_1GuTMvmYP3qeDIWDH9PIreEDSyM6WoC3KVHaWkqOGUhFZVLVYFAEozsiYztX7SYmDmxkIQN2uKSkNGRiO_D8N3eH5pPYhWIYNydLC5VXYY8i5i767emhgOO3mnzYXPtcTvNOUt6wIhaxi2kzHOwzg6Wl3I7PsVbkt9Pf-XEE0JYrSSvlsR7tZzTe_cBUOfnLM3UhVipqezPtMrlaJkOyenVBatuvPKom0boZIc1Q-TNYx7NOpjUepVUWxgvHlRCPqYcNcqKQlKqGVvPYHjov4_BT-JdVUHZOohmL2DveDZ_Oc_jxAJSpxhFk9WCWeMVftwgN3ZO74bnyByGVad49rffKID6P-YKZouVQ2TLHPjw0VQ5PuREOh6OsQZYphgL_L8oI8hr-s2DPT5vKtLU0c7Qy5RG6wZUguxbjWfq_S9JUnkZkioSrJ9whRRnECwfZy-5w0PVnTOyCOL8AmLnIjIAmvc3zke161UqLDFGIR46UX69cuwVA==&xkcb=SoDG6_M3kYE4mSwE8R0CbzkdCdPP&camk=CPChkbYSGj8335sidEvTtg==&p=9&fvj=0&vjs=3
2026-04-21,リタリコ,児童発達支援管理責任者,児童発達支援管理責任者,神奈川県 横浜市 金沢区 金沢文庫駅,首都圏,,,,,https://jp.indeed.com/viewjob?jk=abcdef0123456789
2026-04-21,リタリコ,児童発達支援管理責任者,放課後等デイサービスの児童発達支援管理責任者,東京都 多摩市 小田急永山駅,首都圏,,,,,https://jp.indeed.com/pagead/clk?mo=r&ad=-6NYlbfkN0BnNGCxeXPNe_O60WA_J_F71xlipFJ53WtyHV9f06FZAQPhzE4UJdETpZA3zyshhuddrfe220W7J-YEg24b6DWrL_y2s5yU9dJSdWt8o7vkAfC6SPNfKmxZ6iqIe2aaC6Jatof5oZlazXVsBHbb2AKbh65FT1lriFHjbuWxqIfJ6psZFx8FmZM30zjMQoPDLebDL5yLFin5xYiBKSo--f_BcPzeHZOz-6wR-P-3-WFlENV1SthtriMIYeWMqJohBesWsLycOWd8NhJhPvZ-g8OrdpB6inJ8C9ZfHrTx1sNTx3at8DcY6i4nebBqMzQbjV_umaK90YwnTZJTZz7CWwGIPoAZrQk7saRI-gsdKzUr-ByN28r9WHMXaUtXxpm7PCGVmg5nzc5ugaWh3YCgkIxWwlXgoMM0y0AxY4isJ9NnlGHvQIpbE-fOABjE5dveCtJSNzv0lBL-VFss02tJrJFS3SC9umheRJdw_Xypa1vUVJPi1qx7k7AaMGb-2HS75_J--yDCjOgEAsdcRmaC1aocdRtGQX7NIxyjsV_pKuTaM4zI_UQn_KLtQ-F_ClHXG0T8xVCUtHGuKnCYCE_MDKhzhI53_rVJIoNIwnDABwqiop2N4mEaj5mZLTY65EDvPGzYUOpelraVo_Go-vJW5Geh5WDhfrNv9rnYerFt17bzJv865RA1r4QDIIpeTmDPNQ2XtbzUF1Ng07SCYdL7EQ-mBILRrS-8nH3_XEKjBSwoYnKzhd3wLqVMnECQo64oUJ8yUIXmYvJrgvmDOdzIdUJA0yyOV0edbgNZ8_3UmQq2_NFc47wV0hIXvHFTafojdnqx9O2V566QeyrzDfSVJe2JdBFXHnCdx3JN2PBT7EdUjR8kHlqO5_bkQplEDg87ocGCN1eto5Fi2DDB6l6q85ScOjPBRYFuzcb9oqi7aMMQ_sT2ysGCeIEdJDato1nBKmswhX5v3hLziPafa4z8HNCqwwLPY2sODFE8SMak5YVqHvgdw7ykooHoZ6_1khES1OYwZksMrz8qwA==&xkcb=SoBb6_M3kYE4mSwE8R0BbzkdCdPP&camk=CPChkbYSGj8335sidEvTtg==&p=10&fvj=0&vjs=3
2026-04-21,リタリコ,児童発達支援管理責任者,放課後等デイサービスの児童発達支援管理責任者,東京都 多摩市 小田急永山駅,首都圏,,,,,https://jp.indeed.com/pagead/clk?mo=r&ad=-6NYlbfkN0BnNGCxeXPNe_O60WA_J_F71xlipFJ53WtyHV9f06FZAQPhzE4UJdETpZA3zyshhuf8AyXYWle6FNOertRe1vjXrTI0UcBR7tE7mbt6puHvd_LSjKH7c9mXOeigFTLi-2lV6RXcs4dyHrcwRYOFNy0dFboRpjHjdKKJPpzxZrUWOWoy0XV2RbZpWH5SzEBaNMggsrcU3TXDQbmfc8EAlcyTzkrY5oHkfjjMKbvK8HzPkfJ14461pcekLbS9FQlwkPzZCkW8XsqFzGLa0vgmbdIyZO1fs1J-KD89A4F4Sjs61Gtn5Jf6KvA_SBjApJ9cvdAp-nWVWgocQjALZlF-HliBucbUgvRm06bm7IE2dFLZXwiJQLsgf5SoEIhKhFxNzXj9Mz_fwlBdHLEEyeB2vEX2bAM-fLIi46gXBcprsiVEW-VXeXcTYUh7zT8R8P654YyM55BmX7laFng0Psb6FsU83V_p5zCakoTU_RopjGVL1yKXydmVv-UL5MVme225KRMNuR-ec7TDoOcuVmH5bERdAL9LUHdcjac_xudZdz-gK7f185un73EfEJ8yGTj79Zjn9WtDj-fQxxvv-QHF37sl9cYvVPf0diR5IA8tKDiux3QHfXJZiv0J0q62TRANkNI43E3zSeOn8-3o4liWl1UF1ugktIJnm3mqj076JPbe4SfpPGdxQwcttnd6-ep9alxMCRBMOcU9PovZOxNYDaAL17p7ovnKit9CIreNSDwEWDHK4nd8GZAHll-Hvavd8a9Vjfr8xWijQnZ427KYbBUS0YO6ElhbNju6pGnExFowirPjplFF26OhMobltE80EMpQPft4_OQJ85J1utnNv2bSr35uOfEeOKuR2-RjWLxZptRxAhmCjMizgVl4FfFfMC9AEtbtu1CfcMpUdrYrMEWd6uzF-46yiVqWnfAKoWQZilgbbbCeht3LO-IlbvFMiPOSpc_ooy200iQByromwp8hoA6Cs-firhaobbEmA1cG2azacLQQSMYAZ6VDDd3ktose6NnTFqBasw==&xkcb=SoDv6_M3kYE4mSwE8R0AbzkdCdPP&camk=CPChkbYSGj8335sidEvTtg==&p=11&fvj=0&vjs=3
2026-04-21,リタリコ,児童発達支援管理責任者,放課後等デイサービスの児童発達支援管理責任者,大阪府 大阪市 旭区 千林大宮駅,関西,,,,,https://jp.indeed.com/pagead/clk?mo=r&ad=-6NYlbfkN0BnNGCxeXPNe_O60WA_J_F71xlipFJ53WtyHV9f06FZAcFpAaRd5PB2z0FOGAOYZgxRH86TcqNUpS5ZRcfMa-LJ-UkxL7NA8D106950ZjYUSptpzzYOaGZNDahM_yFPl_ltWAmaWIsQstkjldukG-wcsjjL0U-bS2iSUzy7ZRYiQx569aXPl_7dj1MsTGYoIF3yp73AJg6QIHf9r_WHt57wXP3JDyVYtR-cYmW4_VIAta1MFpAKqI_Fk70-NiCr7fUvxTctm6ui_NRCZgFqZscG9v7WWwCwp6ftCkUsViBq1PSteE9Uzor4DY8LsV5oHQLb5WuK3p438uiAexyYSJTrNhXN_WcibmWf9Bf8VqmTx40fvYaM1DfTI2t_qCzS-ee_Vum_-IWwnAgXBIB5in4WwXWZXSZL8ykks30GTN1_FMgjvB6ESUoRQmEBfq1t6FRBRz6FOh3Rt1cu1oGDMhWxH7tpHq8EzP1mL-2C-JbgatSY3bINhkiPVex4mJSYZtcn45hPhQJTawkMPA3XazVSgzwh0witk9swKdF52kH0rojyVeQOHVm5UlfYbTvlds90FI9c7jE7cSAAd3hDJ7FezcIHGX-6ip3OJDIxRwScajvOSbYYUS4XAurbuAIa0xlUvt-Q34MkKQQqai8U0sIOqel2nrFC9QaHeRh0TtpUIe9N1grqR4c1a1DwuKEZvdRQ4tHf6VIqE0JoEeSJQhuRuK5kq60F5-KNNVR5htFXyE0RidOOWICYt9PeBnmf0kDtUOSDQK0E0tH8EwE5RdB0RLLq9itoQ_-nYW-rZ1LIdm30SxKpvx12hg6OFR2HRvDrfqmq-zgoALF0rsFQblx0EFsz78U8Etxc8_IZxe2xNe5P_QKot1OMnNnlhCs1cvckWAMtpfBdTJkHukOCf5Yk83Rj7yqG4L2NpJ90uyIJQwdX1Ef4PGFXqhHU6CpEEIHC8S54DtJ0d0KhDnvkwbJEP9UCrfWBh1Oz-0WYIndQrer1TeoiB-nVvvYgwY3y56A=&xkcb=SoBh6_M3kYE4mSwE8R0HbzkdCdPP&camk=4HOcmqOLYrC0NrIZ1XTiGw==&p=12&fvj=0&vjs=3
2026-04-21,リタリコ,児童発達支援管理責任者,放課後等デイサービスの児童発達支援管理責任者,東京都 多摩市 小田急多摩センター駅,首都圏,,,,,https://jp.indeed.com/pagead/clk?mo=r&ad=-6NYlbfkN0BnNGCxeXPNe_O60WA_J_F71xlipFJ53WtyHV9f06FZAQPhzE4UJdETpZA3zyshhud5x6P_CWSFAMaP8mtVmyxXwttHyD7kCqOtFcEcEgaGVK0qiy4-eSorAU1QGYdUL0SoXxgcBMseuF8dCHswybSS3IMlDCAJ_xQUc03x-x3bjQjAUkOgH8NUgvQZ5FiwtCV5KQugbxBUFPP3d_J4FX_df1QY_yqgcWYZ2H6PdcG4MMf9dPXWuZNJg_qAXEOMDGUp7ldK39r-VnEd9PLGBms_GntOWJ1UvKJHdbB5A_fylrbr6X9rzqOxGX8t0iMT_L0m1ypGvYTQBPX0trEC43myIp_hzEAJzjF6FNIE0EWX7O2ogu5-lAI7x0OAttITfUyr_W7lwEKAppiDuVMLuFVvY7s8AjSEstKufHnqPCj9EpyzY_cNIKz5uS_UCiPR631IR14SEPNo38Fv05vOzB3ff7ISuzvy9XDpcaHO0Mxu1HJ4-CdZMmtryDmm7vBMtLYKEBp5sPbalql23BeUNpHdbaYIO7Tig0B3QHemBThRjMCzZPSDwcRJQlf6g_GRYY1VFePdLxRjKVEiole2XXPC5hYQ10qf6Giw3fQ3dFKarCRQM8OWtyLxbHDvDPsWCejtArFNAnN5_-5BVSwj4jh08pad6VuvEfU8jxCXF3oJ6vy-641GkAXKoQfvFgf_5Oz4co9QM-CLHhmiA3nj5W6XWIWZNGg13Hb-OtdWUfny94Yo1BOnSZQcTajSRSjDC-gXTuga2OJqsbJmATYTyGG_-KghN9jdGttAW3P0veN_jX-OLI_qr90K1pMwxI_KOzKKK4uF_Brv2pW0tMp5q-FLafIFeTqbTJCeAW0jTQh2eyvx1gofs8Jl39032CZeQb_ouETA2LNEAgbPwr9qB4q1iR7LxPqmIPCBVUGMfpb_j8Y8saLPHAj-b-Tgy9B5MQqxKNpsGBKWZbWoLbxWg53CV4Aax-zlpJzX2HV7RF-vLfIBdr_0o-g11nR6Er_DHUw=&xkcb=SoDV6_M3kYE4mSwE8R0GbzkdCdPP&camk=CPChkbYSGj8335sidEvTtg==&p=13&fvj=0&vjs=3
2026-04-21,リタリコ,児童発達支援管理責任者,教室長(児童発達支援管理責任者),宮城県 仙台市 泉区 黒松駅,その他,,,,,https://jp.indeed.com/pagead/clk?mo=r&ad=-6NYlbfkN0BnNGCxeXPNe_O60WA_J_F71xlipFJ53WtyHV9f06FZAQPhzE4UJdETpZA3zyshhudkvJnnnK56vPXOYDWqiT1lhf8ksegL8qjTHgU82S_q0BR4o8fbUJz4OSYWKvMgTuJtrhczy2LXQXlfB0eBDjKJJZwewzZn5Odr2OiTG6CbN5JfBQJ47lX_ELORb5Bb2KQQVotcxL_mfMFecUN8AJ5Mb6r-kCiTtO1SzUtS75F1_vCELwPTE72NV3hLjaxr22qbGzQcBTvekIiXruueHgUASERyQX5wwOnZ-_P6R0nlmP2wNtbSZ5VhaB3sknZ-fPr1h0F8PtCN6UK0oAgao1pmWHpICksXxPwHhInTHX38TpwNHliYPcLKKaZ5bbVD0GQfII_Ofwh0-IavJCT83ce6w-ZnYh-fbhrtGVbRxup6hzzxoYf7rEq0DgeWXmSdLhDFtHrrqDbLMPzWvyLgkW0WTK2jC0br6EBGwM7rth_FTPPpC_bml-Y5Z3bll9Nnhfof9-e2q-FbX8LlxYfM8QESsVpcHpt_kZnXcnDcxBYxTZBVku3lmHIx1K-mMDO-JnPBMvnaR9vAYpCofovGNBMWsuW6gikxk3r24ls4iO76ncGA09oed6Y66US1OXuq8PJFEFCrC7Ec6BTkfUPl9wHqkju-OsKLTmNZF_GzmmH72gaO5qsR6PGGfXtc48EhHfZ-4HE6RXOAa-jAX1G81iwxVSRxleArd3ausOCuZmfw-3iZAvETsW2SHCoLXtNoGpHncpf5D8ocNCeTlkJku6eu_wUtSsv9S5gnFXzZV39XbqBKwwcaQn81eOBGrBoRfLGrBlPi6RpEvjG6Yvs6i_v_ua5vkvU-STu8pTgottzBU_ghsuIbXrHn8O1evYES-eiXmgoNLESty7iGnMzlEfxQfwjvAVPKgnPsmMaJCDqqbXrLc-zfblD5hzmPhuRFGphLFcOELVQt0fNhCH0OODh67v7v11GcZEUkht_7GZYyPQRlqAiPw00kYtDD2khQyVQ=&xkcb=SoBI6_M3kYE4mSwE8R0FbzkdCdPP&camk=CPChkbYSGj8335sidEvTtg==&p=14&fvj=0&vjs=3
2026-04-21,リタリコ,児童発達支援管理責任者,児童発達支援管理責任者/697463,,その他,308400,435000,monthly,"月給 308,400円 ~ 435,000円",https://jp.indeed.com/pagead/clk?mo=r&ad=-6NYlbfkN0CShyo3bZqBzofeqGY9MDO11DevTmDTjt35oEY4C6VaE_TTsYOszFO8yWXuNSUv6C8elJKGG_Nl2dQNAoFzfdp_yR4rGtcVlKz4TA2QI4GDpPzWgY1eJt8rb3hE-34U76PPWYzk3Qdnr4pBQKeFWKBPx8-J_-Io7qFtNqd4HZ84LQIS8MCFbMQHF7_3lI9XT0duu8uet1pmodh8_bA-VNZZ4hw8rqzv3ufNq-gR8tBrtfCG-uP_eBa2vJp-nM5FtZvthZU5UmCo8LIp0s_O780LdUvVVcenC0kcNYeKYLEKpvqfPtDQNjQnEYfpyW0ZIwPhhvgYt_pREB-nr5fcyXcTajML9N7VCLqpLtnlx5ghbjEeg-rZxaIX0AZFY4U6LuVEfiy_l4qLx4akRvJEz33VnCWH_j04g0pFNq-414YVQzU4zuXHxKhsXn3lBeqyrlmQJr4yV-c_bB9jqn605PHeb5Zfu-4Pw4sQSRNngYTvVWiTNpyj1Hs512NqY8cBA492RX2k4Nk7DtYqooGjUVyql7HUDWcBatFDloXVGAIYFGL1zskg7fnjFo71O-dcViwufIWOBp6lG9hn0n3vq5cX5mPWRKQQ4ardwx8DqvtsoKfGisijBBOEPYG9kg6XLVTQGVgM_kOHlhtOCAk2WDd-wgvzcVALaD4UiaYmxmVIMaDCv0d4XbhACe_Q6p88zGnlIWQrXIM5cEEocqkQxGFFxhF7IZ21rww9xbRbxaoBlzY3QsgouYE4oe73L8_f85yXYL7j0ZXTEHY5SzHDhn_e9T2PoZj6Uv2uF6-S_S29To0p-Uc5qEm5V8jOGTSUzuKe0jwjV8UloC-50f3ssK3YcWvxNmO4vjPgZv3ILIGGin1m5STCaDya47UCZOToAlXV93VrjleygCsiI5Miq0N_pE07kxjmsC4PjzACO2F5mdc9zwbozclTW5lU0JtXmJt9viV__P1uLEuLXy2kQ_ZSQBEBq1g9eFO8PzgrF61YqqyyXMdEhnxDT6c6N-EUGWY9FVT8SqflVb-gw5uus13lCeI9SWoJYUJR3UtaCqUXJg==&xkcb=SoCc6_M3kYFpIcSxk50LbzkdCdPP&camk=UoKtGZLa3XIobBrOSheF5g==&p=0&fvj=0&vjs=3
2026-04-21,リタリコ,児童発達支援管理責任者,児童発達支援管理責任者,,その他,322500,340900,monthly,"月給 322,500円 ~ 340,900円",https://jp.indeed.com/pagead/clk?mo=r&ad=-6NYlbfkN0CUd62ejcYgNtEskQf8iWHKsyRo-G8VZW4yFMxbcEjpjLErkKXquBWrrtaXG4Hr1NBhxe0gKiYiyJXMa6ZCDjANf9l5KF9uK1qFdmTGtsx8IhKCQws56v-rZ2fQdhyJlAbLZ4Pkz7Czt9bnuqj0oSNkJnzT_-fV-OkA65QoV1EDvW-BrCz5lxqtraalVf231WHnk2uQ78wHMXye1ZPdUyjoZt1FPAHJnTHywDdqGN7nrN4v98p1a6506kGzFnxwp0fzto2oxYBx8W-NMgX6LIHwW-mHrtEZuVTcGGtKFIF0NghRN9k_L6eOhiJBhDQ00surPhxbVKSH9Ds3uR7lPYV_YvMgke5TgqtkujajfaGnFAX0Tk9HQlDDLAN_J2cWAbOAZ_UIAGhO9oHf6TjJgGqRoTTeZ6sbZf4sVqObPKfHP_OxcnarPdCxXb48MpCNoS3-U1sRghY75aJXM6bXW-wyZHJtkNIgIJO8OHaRqJz6jgDBoLDxD-bI82fA-g24y0iBjOau2MWOQnRcsljQV8DQnkP3VfXqB71z8tXMAByfu3o8mcj3qBiSy5vQE3QdxWSptnoPfZDy6RzVBbY9Ak-k1ocd8CrN907eL8TSRefq8TLrU3poyYrr5N_qH-YjyLEX9wU3NMOUeSnURJpsAwO_vdiD8K4GY_zJWL5mBXeURlhQsGTg3uyCfpP1aHgF95vIr5q3xQgWJcZGu_mv2eoW-1vzKJ49chGT0QX_m7DhuCdG76WUy_cGSFQ2F-zHKcBJIfeOZP99DhFmJJN7SxzUSsfQvcZsux7zqtYrN7DzpCtNFpr-OP3vf1mdU0_pL9CDdAdk4nBcCahIBHXbf7P6nAJDsnEQYU4nG1eYGdfcyw15eEwDPUDcShBiLbMdhF832Ks4MgQnZ7bNLN8cuBj7toEniMadXfCKDrnbDLStvZLBfTYTWKNQDjazMI62kdb-ZELC1GV_byEey563ZghE2cmJQEPE7jevxLYLbABpXWdjESYf9PtZghGI0N8bee7m1We-_Vqi6ufQC9r3NPI6LUlaFCtTjt0=&xkcb=SoAo6_M3kYFpIcSxk50KbzkdCdPP&camk=C3EPSzFlQw94LN07B8r6Uw==&p=1&fvj=0&vjs=3
2026-04-21,リタリコ,児童発達支援管理責任者,児童発達支援での児童発達支援管理責任者,東京都 板橋区 新板橋駅,首都圏,279480,376900,monthly,"月給 279,480円 ~ 376,900円",https://jp.indeed.com/pagead/clk?mo=r&ad=-6NYlbfkN0DHqJgBJ2M8PGxB0PSEoMCQ0SVZb6uHc3E1eTFO9IRBecmqU6k_43_ou4JKoPXB-x8xy9jFzLTA9KSfpjgN8VNQV33qg3Z2hdwibBGEGGheDQfY_PjtUCezJ55aT9Z6PzbM8oP3-Ku-EABl5QRK1yiI3J5eYIFkJwxzM6-Lc1eEnA20YJQuiTIulpB8sPYvpqe7qkH8DJHc93s84cT6bnsH6oaks_aJF4OoC1HhTBmhskA-5fEBDIk4eZPfoo4b0T_ZDP1LErOkVvkqGKNRA7EgIiXHFa22VZ0XrqyoTNXDthVnDhkcL5BHyUatYRI8R0i_GglkapEujnXv10r5MdroPfZ7exP7zN7psq_lMKATwKlgI2vrD6MhqcSk7d6O7iwg2k3S-TMULLndkWQ2-GH1y5Lr3i-dXXmeGwmX0zcXmclPh6cQPef8rwUrhfUAk1sT_-zpQyNpL9_Gfg9Lq2q2Eo8ePG5GS2gIerOANF0zMVtQLFrB5XgAiyN5jLdp7qCvN8n1GIOzEFKZUL-Qb1lRS72Ghx9vOzX_bXpHga8gEy8m7CvH9CFN_UBty_wwwaAQA2VEPE2bO6s6NI7vEjJkcVpBWHLwMDdeyuF9bduDndHQhLQkEEgWQWt6HaHhWtdXWEcraIIarUMDWOEBjWUBbjgc0s69SH6NtH0Zkxk9BK7-nAfBxYiXck6SZQDk-bf7oH_Tvmh2Vw8Ujl8rTB4qPA0czJgXZ4dWir6oJ2lWPpbxAKsupm5DPDf-S8baNBHev3snaLmT01EyfFeKpdWqguZhDuW7bZdbG3BUnQAeNqbhnzT9Zln5QS8YO81DyO_EygdYWs7zNO34y1Lu-zN9Po7CXvyx1OdGJhw3NRe4rg==&xkcb=SoC16_M3kYFpIcSxk50JbzkdCdPP&camk=UoKtGZLa3XIzcwvN2wJPLw==&p=2&fvj=0&vjs=3
2026-04-21,リタリコ,児童発達支援管理責任者,児童発達支援・放課後デイサービスでの児童発達支援管理責任者,埼玉県 新座市 新座駅,首都圏,263600,376900,monthly,"月給 263,600円 ~ 376,900円",https://jp.indeed.com/pagead/clk?mo=r&ad=-6NYlbfkN0DHqJgBJ2M8PGxB0PSEoMCQ0SVZb6uHc3E1eTFO9IRBecmqU6k_43_ou4JKoPXB-x8xy9jFzLTA9MEx-a9Xi29r81bqlUJOJ5WuflEa9pHcRpbk3gzbI1z2X1L8afIZt7BdVcw6fRnCz4_pzRqwfGNZeXnd4JYh1Dib6ZqUMi6g9u4NdgeqtZlP43rsGI-VsFny0SqYSQ5Nv_ru6ljlix5qXztR87iu2idv-FBc86rXnnLJ7HkChXIaWL0iKpj-lQqTFvqo4DhyQk4GsASYEy_wHNBqlTAYAGu5TJoItxwK4O062IbNoSmUxsi7YqPAM_uCmVi1aEM71kMoN15ya0bnMhZ9b8BuNugR4Hyq7T_PRanrr8Mzxx06i6g49JyH-FDYbKJe6dj8kamd3vNfYsCXSuxfkVygpcwSxUxbGbtuj1PZy2U7YNvrEz7IQML_3i-NhmDUKJEYzOlppxGyDEdNwREApnjQLtT9Be9l321ufinusPyq-PyvVdc4bNTVOR0ZpyGb-LpHnebjxyFPc6tNYbcJnuYbyIJ9jJAP5AHKTCgVjkafCGLu0a5ejUhw-AL6sj02vdybOW2GOLWf983GMmME3BLPY-9h2TT7xZMGidpw08tlbqzF_pkJgSKfKa7qyDdjoUNpe2ljcOk3dP3AausWjZyCj6s4qCumsWHG10ahLEXXWVbjCtw-eYwYvkpxcxC45soHOcWwAuQasD6MH4_dlh7uHYQhmdG_DkacGaJD4HKIgTVcbkpfPXZ5GOrMjlRNvU00EU9ffwrk504yTog99ES56w4qlrO1VJDQOw-uuPyNYW6tWLHEaYpSgu34w7NUvll-4W4DRmHBxpyJMwAOhWiTQmQ=&xkcb=SoAB6_M3kYFpIcSxk50IbzkdCdPP&camk=UoKtGZLa3XIzcwvN2wJPLw==&p=3&fvj=0&vjs=3
2026-04-21,リタリコ,児童発達支援管理責任者,新規2店舗目 正社員 サービス管理責任者　就労継続支援B型,福岡県 福岡市 博多区 比恵町,その他,415000,565000,monthly,月給 41.5万円 ~ 56.5万円,https://jp.indeed.com/rc/clk?jk=c053bb4a673ff913&bb=uHiK-yTHoEpD9zqKkaOGW-2iEp4q71RlCK4CrKMgvoelgGZckAbzTMGX4joUaxPnrVr_nuuGKHRo-TigMZR_P36jQQY6p0BPIFbUhe9rJ3j8p4RlfMskXQyb87EbL7vSHKoFMkh5CrgBHdmbBUauhlA7XsWN70-jMppNxDa0PZiphwPcXp4hiWlsAzoGCjXC&xkcb=SoB767M3kYFpIcSxk50PbzkdCdPP&fccid=79dd7a16b4884b14&vjs=3
2026-04-21,リタリコ,児童発達支援管理責任者,新規2店舗目 正社員 サービス管理責任者　就労継続支援B型,福岡県 福岡市 博多区 比恵町,その他,415000,565000,monthly,月給 41.5万円 ~ 56.5万円,https://jp.indeed.com/viewjob?jk=123456789abcdef0
2026-04-21,リタリコ,児童発達支援管理責任者,サービス管理責任者,福岡県 福岡市 博多区 比恵町,その他,350000,500000,monthly,月給 35万円 ~ 50万円,https://jp.indeed.com/rc/clk?jk=2441cb23f5b6e82f&bb=uHiK-yTHoEpD9zqKkaOGWwHyICdpQAekq_VgVDyhorJBEiQlOMOE0OpPwrfr_XhhVHYVS7GoRenrbmx75WTJNWE5vCZvXKzHllz6PJAomv2hJlRiuEgR_D1cKfxB3xMTtf8h4LnBzJxnGBLdYXaFUweUnw5xQTdphhU5TxYNb5p8QpfuszyYMECrr3RWnrvQ&xkcb=SoDP67M3kYFpIcSxk50ObzkdCdPP&fccid=1eda028a36064454&vjs=3
2026-04-21,リタリコ,児童発達支援管理責任者,児童発達支援管理責任者,神奈川県 藤沢市 長後,首都圏,310000,330000,monthly,月給 31万円 ~ 33万円,https://jp.indeed.com/rc/clk?jk=ccdd9eb52e108f2a&bb=uHiK-yTHoEpD9zqKkaOGW5m5ZCKyRnYdO_p2-YVLFCt1VleFBJjGNmFER0--NCYKYiIoj9cSpECKQbhhyb0IoChlGD8zGlv6NVabsHqWxkAUfI_HsJ0B5RgNpeWriI4r9b0BFQKmXcS5FLLewBt6FfdlHqUI9FTicrHR9EU9nRaafK2kGXIGgGL45pynLDAd&xkcb=SoBS67M3kYFpIcSxk50NbzkdCdPP&fccid=8c6340a9d2eabddc&vjs=3
2026-04-21,リタリコ,児童発達支援管理責任者,児童発達支援管理責任者,神奈川県 横浜市 都筑区 センター南駅,首都圏,330000,340900,monthly,"月給 330,000円 ~ 340,900円",https://jp.indeed.com/pagead/clk?mo=r&ad=-6NYlbfkN0BnNGCxeXPNe_O60WA_J_F71xlipFJ53WtyHV9f06FZAQPhzE4UJdETpZA3zyshhudRetUN8BeD3L6Ycy9162bNgGtRX_uLCERtj_RdDkXc7oUU0oWpWKYhUfcPWiDo4-dNSb-I2w-Q0o0IM8phGg_TNjwoIr1jGp9QhvOCbNRQouvnVJoHSlKcLCnUDH29phLDdwQqTV9S08r892jNuJCreBrz4vDsSDRp4owXFTbQu_gGXAGdMlS-ubSYSibVCTeaAYL85ZCsQQ8M5CK-Ozcaz2dfAPT_mTDu5K3JQfyiTH33AyDmF5yMYPb35GpCobbYeDuQrQGL9N99Do3qLSBK2Js0PwsjHoC_FPUiw4MNNw2rng1_-oSX2o2A08MllQBaFiRWOEyq5XDtj7DH-6n3H_V0CnBWTTZvtKsxofwz0ZBcs8RN0qQPKSV6-gVIOr0LTzoKlfpScX-kPfJlFXier2oxt5xUBk_u1wJL53ew883Pk8RygeRDuXhEmRa8CuPRi5MvXAXrRR0rIs4KSEwCcg3QZr_ie6xPxZxBfI3uvJ_8vod7h34MtW2LxIuhv2R6ND10_5nY5dtJQZAKmPZL4zxP-JRiZ9brsbv3JxHExCGSiBxPzrkzR7Rn-fOhTAj2MtHmerV4WzdMqkOZWdmAhEozAoUfpgrcNLv3gB97R98w8RDCs73AjOpSO90LddCQaHIDrOCho7rUSMO_OYhaa-ciKcXnvuvV3TCsMjyA6kCjDmRumnP4C0UGeOpaR0DjONNKZPM777RnoLqurHXclBsJhHba6-EH6X4Ury83qxUHYzCHxAaoyPbGMl-tfniK76qCB_NwRqHZKENB-StC9P9AT2i7PnFrWJgHr3hBW3CUuRM8gh1SxSTe-mNfDjI9D2R914Ca_Z8JCkGANSudOx06TzcjxYji6xpI3MFtYsfl1hYbibKh9HfKtrVyei3jVegZzBQ_D6vhWGO6RZbCWzT3QJscHHfXPU1j73kY6u2-XmyQOIssEQJ6Maygf9E=&xkcb=SoAS6_M3kYFpIcSxk50MbzkdCdPP&camk=CPChkbYSGj8335sidEvTtg==&p=7&fvj=0&vjs=3
2026-04-21,リタリコ,児童発達支援管理責任者,児童発達支援管理責任者,神奈川県 横浜市 金沢区 金沢文庫駅,首都圏,330000,340900,monthly,"月給 330,000円 ~ 340,900円",https://jp.indeed.com/pagead/clk?mo=r&ad=-6NYlbfkN0BnNGCxeXPNe_O60WA_J_F71xlipFJ53WtyHV9f06FZAQPhzE4UJdETpZA3zyshhudsgM-0xk1IJ6jVwG4ymCkSCy1GcJ16ATKZEZ1-ScDr4_c0W-4XqQqJNqQrLqz_Jqe9loUwNch4knvbgo_25dKI-fiKfVuBH-AOM2W4fqCu95EOo7Evwy4KX617dFQvGkkOEVpr-QlhNwDi_41VJQoUHzqBOm2QRaFoM-xcTby7HoWdw_OgjEa3BMkr9ChpzO-t3A1_qrO-RrOnbH4vjae-7Z4ukyKnVBRcfAK7hvdjw9WYFFIiiwyd7L6wJRTATqJLEkIYfdXuRusfpm-Nh4bjXkHCnjEv6lqh91SE-9eiLsDE-94Ih7kUu3lyc7Y5xOSF_wynFoTxhOQlUXDfEe-tZ_ES59Trlga-yEjiaK42NffdaZY-sxaGlBiSZh8olf6YxXevhXOpaC0DAOlZk5Qf8rfQvYHdnxQOsshWoNzD_wYPq61nYJRzq1Y39RXrW3LP6-E3ZxP-tE7fXa7DemIVoNAIcUlPxACMgvoLy0QyViNXb_WgW_qETgyHaJ81YEhU2TGAj8OQVyWLT2oLrZPC9nGT_eLfeABO5WFxMV7kk_PbwdQszX8411uwfp_DXeWzIEfgwLUw0WiD2PrcA6A9BPyxMO7DCJgH-0Nr22TBhXaAFgUUcGqZy7kcmVotnDRPBsYSMaAHF66kbvpqWZivhBFE5K5AGb1etVYskiimAPfnYSb90pjuv3l6JjhytLGyKOlduktFlydzmhraElGlyaUT5Z6ZCkJ4bExtjBPQx4MSGxaZTHEOKJYVyNZQMetGmefTn_7AYqh7NNvWT_wyzfZZKzx0VU7MVVckBq0ceTd3VpGLqjDzGLFapIBFVaCDr7Fdnre9AgKUbkF3-4JKHqelnYBEHMRJ0J8jV9a9RnkkBsFrqlD3-II_btI0W8Yc6Sfwwh9q_W8m28OANQ8Y0Ddr5aAigDsAgGMoNqgNkOf3glUevQeJJ1BMABSBxP2p37lZprHYKA==&xkcb=SoD76_M3kYFpIcSxk50DbzkdCdPP&camk=CPChkbYSGj8335sidEvTtg==&p=8&fvj=0&vjs=3
2026-04-21,リタリコ,児童発達支援管理責任者,放課後等デイサービスの児童発達支援管理責任者,東京都 多摩市 小田急永山駅,首都圏,320000,320000,monthly,月給 32万円 以上,https://jp.indeed.com/pagead/clk?mo=r&ad=-6NYlbfkN0BnNGCxeXPNe_O60WA_J_F71xlipFJ53WtyHV9f06FZAQPhzE4UJdETpZA3zyshhuf8AyXYWle6FNOertRe1vjXrTI0UcBR7tE7mbt6puHvd_LSjKH7c9mXOeigFTLi-2lV6RXcs4dyHrcwRYOFNy0dFboRpjHjdKIxAaN1JrmKCz_MpWuJNMyG8Ns1IX1CV-32avvJQCKtESA5V-hFa5gNYLGoPAF_gFySfqwoNdUFgkONIRs33jX0ml2SStI-w1CSFeVRtVyky6C1m6m5TqqXUjdSw1ZBqTbwRX_FWMUJFQFwby4vVOCPuCiN-qranSqfAod87krJymDh_wS6BvLEaDEGuRyIxZuvNcvrPQDEyDasLSGzaxlPlhZ5zKbwBV_iJlpIFblcsSiwCzM8CwLyAQIw5BAD798aEEt5jH6xJePRv6BdFml7FjU4Pp5be_pG1omwuoFq8ryg-kz1JxehguKA4looJetn0Vy5xuv_lg2Qknkafjl-V8aXFwZj7qYaceYwdiZDX2GQ5Mk5GLRzEcY9EnjPIDuKMVpGP35bxD7gQpjgBDtqc_uIWXtx2oSt2vqvlgVnZ4Hq-3JmmuVrgsF8ST_SVQdrGyvKDBpyvPWCfwbvEplBsho_fOdLoC0TP0EJGSq-jtUoUB5dV_6FHK2RCrvDLE2zK7iwtioRidP-W1EEGgOmQfJcKQWq0x_3Rj9ZotEVAp8ShdnKZohhVP6o21NY3I04MZjnbs-bb16IUuWlLODzhYknAhAhrFKok3u9Wo56X5S-GvVXlWujEK1RtYlsP461HFmYT3AP-udGw4xTDmpz9JhXxEN3yKCJUFxFbfiMiC7lmeQsE8wv-nibuPVzIEheaRWCp3iGpypfzFQTdOfzfS-w-adOVWRlXB_PegHaptx1D537tJRh6SxX2K_GXQy_Ldp0A963FTF3zePVBBsbAx8fH1ZpKcP00SNoqVNDVDlQgl9u9YQto-Gzt7iHJ5xONl3-kgGSBXDpNVRi4ipab0wT5omjCUfEvWV0p8tjdw==&xkcb=SoBP6_M3kYFpIcSxk50CbzkdCdPP&camk=CPChkbYSGj8335sidEvTtg==&p=9&fvj=0&vjs=3
2026-04-21,リタリコ,児童発達支援管理責任者,放課後等デイサービスの児童発達支援管理責任者,東京都 多摩市 小田急永山駅,首都圏,320000,320000,monthly,月給 32万円 以上,https://jp.indeed.com/pagead/clk?mo=r&ad=-6NYlbfkN0BnNGCxeXPNe_O60WA_J_F71xlipFJ53WtyHV9f06FZAQPhzE4UJdETpZA3zyshhuddrfe220W7J-YEg24b6DWrL_y2s5yU9dJSdWt8o7vkAfC6SPNfKmxZ6iqIe2aaC6Jatof5oZlazXVsBHbb2AKbh65FT1lriFEHiCsocTnSm0qAQfZBaubjRVVnNRNxtQppLFqOyz1VqAVSOslMX9L2Cm9sPx5bnz8-aSXuw3-dDBt4B3nBOljXbg89eg9JYOoZNxovB9sPDaDIv2uMVvhNARXTT-ngURT9Nh_-uO1iQB6Su5n_cL9NqidBgAx2WLoEazqajH_EWjsMC2jRQT7rDOuFkvG7kGZWYckaWRWbqAPMbsOL561nGfSLiDgwqktX-R6xc-pouHknoz8087csjajuaSC0LkA7boLWSPVdq9TY2blxxw6_NwZB4d34P3zv5mCe4hrsCHf5fDUyq55d5kXJ6HYPG8hxXPLkRSsTL7OuIDziI0-dbURikvMWxGInIbgKIOobUzh_cf8B1L66xaWPZMhbnG1NMiLrIgPrxiZumwq0kwdGVD0WRnPFnz5yaTwbC1WEQoOgU5nJTkdmPYGsEI8Zq6g36JRhXfrUCPppqe8xk8QSPBitM9HjRwV7iaY9C2OBl8-gqobCG_TN5HT8Rqx9Ol-ORItuLye_xoUHChJCIiMlnDsLavQDBfoNzQahXq96C_rUKtu4fuzpUCBl5lkzWayPznyuAQxULyQRBjEicA98AGNsDelxqzMjOBZgWDjD5z32opAwaLJetTXbrbuMURYFUQj4sjqEYqsvaAVLhs1zew8ATrJ1fZZbzeKMDVu-IZQxFyjP8JMcjqrCikHxxF6F1dRx8oOQd5k6WkUiOKjXQdFkB63ND5AtfMiIfBZ0Xugdn46UGhCBhpT7z26__X1rqrpTrq3CJnF0dCOH3phMQkz3FQPCbTQIqsA4JZwRJYi81rqW7MAMmmktnCeYa1VOOhCoGvr3QlFK87CMP0bSqce-OrDK0ohH23jCu04Sog==&xkcb=SoDS6_M3kYFpIcSxk50BbzkdCdPP&camk=CPChkbYSGj8335sidEvTtg==&p=10&fvj=0&vjs=3
2026-04-21,リタリコ,児童発達支援管理責任者,放課後等デイサービスの児童発達支援管理責任者,東京都 多摩市 小田急多摩センター駅,首都圏,320000,320000,monthly,月給 32万円 以上,https://jp.indeed.com/pagead/clk?mo=r&ad=-6NYlbfkN0BnNGCxeXPNe_O60WA_J_F71xlipFJ53WtyHV9f06FZAQPhzE4UJdETpZA3zyshhud5x6P_CWSFAMaP8mtVmyxXwttHyD7kCqOtFcEcEgaGVK0qiy4-eSorAU1QGYdUL0SoXxgcBMseuF8dCHswybSS3IMlDCAJ_xRftEjuOsXJtDJSA7jiRqvMixxGsJlCyOlHhcmsZfEXpvBPianFS6TcuxljzR9yz2z3P1FzEkDsNYXo1Jb0tIX_f5la0vUGFnQk_mf1n7-WEWX_Pzz7BMgTiDxnD2SVt_1U6GHv3_SviMnR9KqBQUbSDCc0tYhCgcznXvNJY-l51z9nOwPjmv_TcXKsD9ATiYTCrcycpIbw7Vwmd_Yeq1Lu2c-LmKRB7FolMMoR8v7RVStFRd3YSL2IozgEdHEC09Fx9tkcM1cWuP5dMV6hJqrfQhx2L83A9O8QskEVXmTXNgVPiK3By--MBm6xrz2y-uN_zEhrHxe_X_m-WS2IFAVOptc5lxPKha4I08T9jact14fygKi64vnJbIVhwvi17wyfW0ji6nVDEvmXmal-7iAqzlfu2IiYIEqiYV7W9LHy-FQDNRTM09gpOaigbRYLLoq91af6Remga9i1RAwqSCM3klwi9J9k_W_Dv4OH4h9e3mI8vcb3dEpshW69Z-6C89yvQph0Fa94K74kHZ1Aac5l1GYX0MXE4AhQ5WPii2kjD4Eqlci8HUDQjVntSQcX05SXmWGybbepTM5xw4uthdNIA_4SYrC3Mj5X1MM9UBI5CDJe6J7lIRVfgEAuaGLYnGyzj8xntimZoNagSTtFcvtGdG0liuH54EFzj_Oer73ffsvJnkdlKzwAniQ51J7o9UjqGDAWMk9J7bQHX6eDfiOwsXMRKDJ9JwRfrEdL5wxa6B0m0E2eduLs-V_3mY3mo0wIg3ViAyYHOr6lYdAMpOzViha0sR3x8dSQ2AvrJSiccco9mIHdLCl6-FXJ0CpNanfGB7V9mzC8qlr09vy_qPK1IJwn7BZPhLk=&xkcb=SoBm6_M3kYFpIcSxk50AbzkdCdPP&camk=CPChkbYSGj8335sidEvTtg==&p=11&fvj=0&vjs=3
2026-04-21,リタリコ,児童発達支援管理責任者,教室長(児童発達支援管理責任者),宮城県 仙台市 泉区 黒松駅,その他,270000,270000,monthly,月給 27万円 以上,https://jp.indeed.com/pagead/clk?mo=r&ad=-6NYlbfkN0BnNGCxeXPNe_O60WA_J_F71xlipFJ53WtyHV9f06FZAQPhzE4UJdETpZA3zyshhudkvJnnnK56vPXOYDWqiT1lhf8ksegL8qjTHgU82S_q0BR4o8fbUJz4OSYWKvMgTuJtrhczy2LXQXlfB0eBDjKJJZwewzZn5OcOrJt4afkZ-jUMJe0x6yEod11iUEyAsjEO_ntXDDGSIbWQA4D9FxUhQWfC0NLbLz3IDHb7bY6Qxk22G4liNOQ9r1GgMOEfjrGi-mIGm7v27YjFEOvzU1iGHzxMXIyQZOkUswcJBsqJY1DOL8YllEf6be_NVN6U0x73DkTSKfrLciECNIaRYfoyWnpJmRcNtyBqr1RhqrCnu6vVuHNqsg3j4dxW6rfUntL7V-_2g02-MQFFvPVMq_jX55vmQfCuJPPJFQIQA_Pceow2He31uhBfGz1INO5Zh78LU9jk-AJWK550za4FQivFTem6qjfTOJMzBZRbPyegfaOf5OTYsyJ1EW0bOV22pUefz5JOK5D5fs9whgr3jbsVx-QM1gPlDthEqNUj-c1rjSiMzGx5s9cjl_ELYTfDKVc0o5uIkDZzIG2lSABGZvMWoJjWp4cx317-cDIqM2ecaYqBrkQy54038LQip05Wzeq0Tz1qRjYkNWZGssxikXF8nadPoz58WKAwwBcVCR2BNteHDOvAk-IdLI5qZeXqKXGjj6rRxXshb64DHaEFnaeuZUpAzzkgmuyDtc0MJaAR1l1TD9ZNPOmcMpfvYAI5rlkpeRQvNQb1kXxvEDDNNbkmVZ_ZjZ_fGVDNrc8-griwntEElU5Grwj3ceeVYRaqtlXDOcWa-pdzRaGE3OlcZulB-51RrDEeQJ0RyvVkmHY8ToEtEqdxZBkaSEHi1VNHLKr-RJBii7MyxqAyPfOGULzQwhLpCOdzpmqtUV-tWzp4cZh-d9chFpZkLbLxupBDYw0brIyWCYoRp_cZbfOQziVl2dilMYiy5Z4ZpDOxrVjdPJTQGlr5HYFmsOpuvluZ5_E=&xkcb=SoDo6_M3kYFpIcSxk50HbzkdCdPP&camk=CPChkbYSGj8335sidEvTtg==&p=12&fvj=0&vjs=3
2026-04-21,リタリコ,児童発達支援管理責任者,放課後等デイサービスの児童発達支援管理責任者,大阪府 大阪市 旭区 千林大宮駅,関西,330000,400000,monthly,月給 33万円 ~ 40万円,https://jp.indeed.com/pagead/clk?mo=r&ad=-6NYlbfkN0BnNGCxeXPNe_O60WA_J_F71xlipFJ53WtyHV9f06FZAcFpAaRd5PB2z0FOGAOYZgxRH86TcqNUpS5ZRcfMa-LJ-UkxL7NA8D106950ZjYUSptpzzYOaGZNDahM_yFPl_ltWAmaWIsQstkjldukG-wcsjjL0U-bS2jW-d0hcTA2iCIfGPqQKX_EdY7kc04j6E5NEWH9QpcI9weDU9xhiaV0womdZssXFqoIMou33ms_cqKz7v87PdC7P_saVU3a-fvhIB63AoCAyNINhKMCZfN-TrA76u1VXmxGsyL4GhtE0Jdpt-6o88_kUcWWBL_56Rqrvx_sprNBKwHPj72o_ZLdEQGTpw18EYzC5ea1u5qqesPMrxw9kLRFNNHVnxRmeoV38aMWM-YJHanxagg3bWxuASBA7NqsoIgOX51VVQOY7zk8A55iHLOB6aTgyi6Q801Bo5R8eaAvf6k5ZMZMTT4ZW1TPE1nmCJhv40xBwJnJIOipFIY-vEpiftRWKEMlp7kVMC2eS_uJwaWR-zehGy2CyEWUpmqXtLDeDA3Qrf68RSg7-J7ZVa84ttnIEpv5McO-rfi0x4xahTJFDCoBku4uRePdm0VE4to4qbDaVaXh6m6Exui3wiOkbISfGfovhlx_E3VGG_Rl-0IzDsKyO12PXRnyz_4S_mLt4DpKhMydZEEvh_A8w_dTAhCZJP7JR8sgsg4xb_KFvONOCW2Pyox51D932LS2Yc6P86sfwWO2OFF2da2hOVPwQn9w4Lms5BAYJ2JEsRJkriaT5IOZVwWFRmeRlo4B3hqx57ZoAXUJ7IRsRLWCNV6vTZzNXgchncyeixmNv_DyhLzD0Oc28TM2HsS2TICxDvt3dj7xcUj5AT32oqaeIDcjjPY6DmsOn9pQHOOwfcL_5crAqq-OrLHQlWkLAr-NLIrlFOwTx2OK9qleW9RS2BEpdjPiD6KnDfIsBddbveZTMnqroGca1QCSuXZTxHIhhNvwCXrMyjNQ-5xs9VZRXzSxgGF2TxOXBMU=&xkcb=SoBc6_M3kYFpIcSxk50GbzkdCdPP&camk=4HOcmqOLYrC0NrIZ1XTiGw==&p=13&fvj=0&vjs=3
2026-04-21,リタリコ,児童発達支援管理責任者,放課後等デイサービスの児童発達支援管理責任者,神奈川県 藤沢市 長後駅,首都圏,310000,310000,monthly,月給 31万円 以上,https://jp.indeed.com/pagead/clk?mo=r&ad=-6NYlbfkN0BnNGCxeXPNe_O60WA_J_F71xlipFJ53WtyHV9f06FZAQPhzE4UJdETpZA3zyshhucoA-LFXyBGvLHxg9VhFQtZ-GQUch6CrmaPRQQhokWEIZTVr3yodbaDKnuonjakK8iol-nZXfnfWDrw3PnKfwnoa3pYPyUAOUQbtpW4HvvkgAKUR-4WAxvAi7-pzkydlTgYOTS-PjRAwtLqqC4Fs0WMvsGPidxYhXtWYqB0JXyCFoK_0t_8Z3jp1Vu8y4cpzpcuB8ZF4njSYaiETTzBCJqEH9BZlcMS4c7MRk2yKMaSPuCz1YkHf0yIixkpCD7_z_hjVwO-RAk0OInBXhp4eTw4NDKJWLIgUoBzVe7ylimq48pke91fDd1BeEyA0gY4ZWgFyEAeWSzpg62OWBy3nLdX5TOfZ6_S_wVyNlKmLZeAS0CCasgpijcfcdbFxzrkRnQAn5YAc_dR1sWFsXTyOJ5moA7v385XEmvKwDe7d7PK29vQ3JKoaPaBZtSWRgMwNHP1lEVld2fOR5tBCHA7-0Q74lcEcfvmKfXDWpqBmgJBThQzhOYt2NwLVGJVrp1pKlqufFE_N8VQpknQmluMvzSBMxsyD9tuvuYOgp72o8N74ue0Gu6wRLxsOg3LWqkSlBmt4Q_smlumN9eD8b5DFzSp6VM2COQNclL-PGoNK8fmC5FiVoISEdFWs1U7UGxTBlHYMeuvmTrOJZcplwQucftWNar989X6eUEJJh9-QuGWSGFBB8YM7Qms8ltjMj-vZSp_qlaEBTFhVVyxai5nEtklwMpcl82gjmuO45fmPRZz1gmn4pisM8lyk9HuY5Akb9P6Tu9m_D07lK30McQS0D96Eo2zlN5gyVc-PHwkwYNTI6t3p_mmikyCD5LvrEleUhtNriAZy1mws-ug0BD9_HohshQk43tfZ6Te47ggdMTHt2xrz5ZwKAqheWPLMmKvJk0Ltd3JIgoFLugMvhFcS1a_c0hqEHV9jxVQMI91NbHZXHWhfV2ME94-EZoaxgTfwCc=&xkcb=SoDB6_M3kYFpIcSxk50FbzkdCdPP&camk=CPChkbYSGj8335sidEvTtg==&p=14&fvj=0&vjs=3
2026-04-22,LUMO,,お弁当の配達員,かもめ弁当(就労継続支援A型),その他,1114,1114,unknown,かもめ弁当 1114円～,https://gotoschool.co.jp/recruit/jobs/32gmts6tljbcfue/
2026-04-22,LUMO,保育士,保育士,兵庫県・大阪府・東京都・埼玉県・千葉県 ※今後も新規出店を予定しています,首都圏,236500,256500,unknown,"236,500～256,500円",https://gotoschool.co.jp/recruit/jobs/rds58edocl70gjib/
2026-04-22,LUMO,,生活支援員,▼大阪,関西,200000,300000,unknown,"200,000円～300,000円",https://gotoschool.co.jp/recruit/jobs/8g01sb69ts82gbd6/
2026-04-22,LUMO,作業療法士,理学療法士 / 作業療法士 / 言語聴覚士,兵庫県・大阪府・東京都・埼玉県・千葉県 ※今後も新規出店を予定しています,首都圏,236500,256500,unknown,"236,500～256,500円",https://gotoschool.co.jp/recruit/jobs/z5l6nhqqtaxwq9d/
2026-04-22,LUMO,理学療法士,理学療法士 / 作業療法士 / 言語聴覚士,兵庫県・大阪府・東京都・埼玉県・千葉県 ※今後も新規出店を予定しています,首都圏,236500,256500,unknown,"236,500～256,500円",https://gotoschool.co.jp/recruit/jobs/z5l6nhqqtaxwq9d/
2026-04-22,LUMO,,生活支援員,▼大阪,関西,200000,300000,unknown,"200,000円～300,000円",https://gotoschool.co.jp/recruit/jobs/r374pi087y0lh67/
2026-04-22,LUMO,児童発達支援管理責任者,児童発達支援管理責任者,兵庫県・大阪府・東京都・埼玉県・千葉県 ※今後も新規出店を予定しています,首都圏,306500,356500,unknown,"306,500～356,500円",https://gotoschool.co.jp/recruit/jobs/t6bmx5t5plshtdq/
2026-04-22,LUMO,児童指導員,児童指導員,兵庫県・大阪府・東京都・埼玉県　今後も新規出店を予定しています,首都圏,230000,250000,unknown,"230,000～250,000円",https://gotoschool.co.jp/recruit/jobs/7t1kfxp3cshqhc23/
2026-04-22,LUMO,児童発達支援管理責任者,サービス管理責任者,▼大阪,関西,300000,400000,unknown,"300,000～400,000円",https://gotoschool.co.jp/recruit/jobs/7hj_dx2lkcxx9jdm/
2026-04-22,LUMO,保育士,保育士,兵庫県・大阪府・東京都・埼玉県　今後も新規出店を予定しています,首都圏,236500,256500,unknown,"236,500～256,500円",https://gotoschool.co.jp/recruit/jobs/khy9xub5im2vdzw/
2026-04-22,LUMO,作業療法士,理学療法士 / 作業療法士 / 言語聴覚士,兵庫県・大阪府・東京都・埼玉県・千葉県 ※今後も新規出店を予定しています,首都圏,236500,256500,unknown,"236,500～256,500円",https://gotoschool.co.jp/recruit/jobs/ndl4sboccfte_2a/
2026-04-22,LUMO,理学療法士,理学療法士 / 作業療法士 / 言語聴覚士,兵庫県・大阪府・東京都・埼玉県・千葉県 ※今後も新規出店を予定しています,首都圏,236500,256500,unknown,"236,500～256,500円",https://gotoschool.co.jp/recruit/jobs/ndl4sboccfte_2a/
2026-04-22,LUMO,,お弁当の調理員,かもめ弁当(就労継続支援A型),その他,1114,1114,unknown,かもめ弁当 1114円～,https://gotoschool.co.jp/recruit/jobs/1a5aj6sk655zolyd/
2026-04-22,LUMO,児童指導員,児童指導員,兵庫県・大阪府・東京都・埼玉県・千葉県 ※今後も新規出店を予定しています,首都圏,236500,256500,unknown,"236,500～256,500円",https://gotoschool.co.jp/recruit/jobs/6rwqngh3y5ngost/
2026-04-22,TAKUMI,児童指導員,児童指導員,,その他,252000,340000,monthly,"月給 252,000円 〜 340,000円",https://initias-recruit.jp/p-01/
2026-04-22,TAKUMI,児童発達支援管理責任者,児童発達支援管理責任者,,その他,280000,420000,monthly,"月給　280,000～420,000円",https://initias-recruit.jp/p-02/
2026-04-22,TAKUMI,作業療法士,理学療法士（PT）・作業療法士（OT）・言語聴覚士（ST）,,その他,280000,420000,monthly,"月給　280,000～420,000円",https://initias-recruit.jp/p-03/
2026-04-22,TAKUMI,理学療法士,理学療法士（PT）・作業療法士（OT）・言語聴覚士（ST）,,その他,280000,420000,monthly,"月給　280,000～420,000円",https://initias-recruit.jp/p-03/
2026-04-22,TAKUMI,,/lp-4/,ＴＡＫＵＭＩ（たくみ）各教室,その他,252000,340000,monthly,"月給252,000円〜340,000円",https://initias-recruit.jp/lp-4/
2026-04-22,TAKUMI,,/lp-5/,ＴＡＫＵＭＩ（たくみ）各教室,その他,252000,340000,monthly,"月給252,000円〜340,000円",https://initias-recruit.jp/lp-5/
2026-04-22,コペル,児童指導員,株式会社クラ・ゼミ 児童指導員 求人情報：東京都新宿区,東京都新宿区原町3丁目23シティプラザFK 1F,首都圏,216000,305000,monthly,"月給216,000円〜305,000円（固定残業代を含む）",https://kurazemi.saiyo-job.jp/dsaiyo/vvvo/pc_job/show/ko078/992
2026-04-22,コペル,児童指導員,株式会社クラ・ゼミ 児童指導員 求人情報：東京都文京区,東京都文京区千駄木2丁目21-1ANNEX-A 103,首都圏,216000,305000,monthly,"月給216,000円〜305,000円（固定残業代を含む）",https://kurazemi.saiyo-job.jp/dsaiyo/vvvo/pc_job/show/ko077/991
2026-04-22,コペル,児童指導員,株式会社クラ・ゼミ 児童指導員 求人情報：東京都中央区,東京都中央区新富2丁目11-2新富MTビル 2F,首都圏,216000,305000,monthly,"月給216,000円〜305,000円（固定残業代を含む）",https://kurazemi.saiyo-job.jp/dsaiyo/vvvo/pc_job/show/ko076/990
2026-04-22,コペル,児童指導員,株式会社クラ・ゼミ 児童指導員 求人情報：東京都荒川区,東京都荒川区西日暮里5丁目33-1西川ビル 2F,首都圏,216000,305000,monthly,"月給216,000円〜305,000円（固定残業代を含む）",https://kurazemi.saiyo-job.jp/dsaiyo/vvvo/pc_job/show/ko075/989
2026-04-22,コペル,児童指導員,株式会社クラ・ゼミ 児童指導員 求人情報：東京都江戸川区,東京都江戸川区北小岩4丁目36-13中鉢ビル 2F,首都圏,216000,305000,monthly,"月給216,000円〜305,000円（固定残業代を含む）",https://kurazemi.saiyo-job.jp/dsaiyo/vvvo/pc_job/show/ko074/1016
2026-04-22,コペル,児童指導員,株式会社クラ・ゼミ 児童指導員 求人情報：神奈川県大和市,神奈川県大和市大和東3-8-6大和第一生命ビルディング1階,首都圏,216000,305000,monthly,"月給216,000円〜305,000円（固定残業代を含む）",https://kurazemi.saiyo-job.jp/dsaiyo/vvvo/pc_job/show/ko117/988
2026-04-22,コペル,児童指導員,株式会社クラ・ゼミ 児童指導員 求人情報：神奈川県藤沢市,神奈川県藤沢市石川1818エテルナ101,首都圏,216000,305000,monthly,"月給216,000円〜305,000円（固定残業代を含む）",https://kurazemi.saiyo-job.jp/dsaiyo/vvvo/pc_job/show/ko116/987
2026-04-22,コペル,児童指導員,株式会社クラ・ゼミ 児童指導員 求人情報：神奈川県藤沢市,神奈川県藤沢市湘南台2-18-9TOMOS湘南台 2F,首都圏,216000,305000,monthly,"月給216,000円〜305,000円（固定残業代を含む）",https://kurazemi.saiyo-job.jp/dsaiyo/vvvo/pc_job/show/ko115/986
2026-04-22,コペル,児童指導員,株式会社クラ・ゼミ 児童指導員 求人情報：神奈川県相模原市緑区,神奈川県相模原市緑区橋本3-19-17プリムローズハウス 203,首都圏,216000,305000,monthly,"月給216,000円〜305,000円（固定残業代を含む）",https://kurazemi.saiyo-job.jp/dsaiyo/vvvo/pc_job/show/ko114/985
2026-04-22,コペル,児童指導員,株式会社クラ・ゼミ 児童指導員 求人情報：神奈川県相模原市中央区,神奈川県相模原市中央区相模原4-1-7BMC相模原ビル 301号,首都圏,216000,305000,monthly,"月給216,000円〜305,000円（固定残業代を含む）",https://kurazemi.saiyo-job.jp/dsaiyo/vvvo/pc_job/show/ko113/984
2026-04-22,コペル,児童指導員,株式会社クラ・ゼミ 児童指導員 求人情報：埼玉県熊谷市,埼玉県熊谷市新堀902番地4新堀倉庫付事務所,首都圏,210000,305000,monthly,"月給210,000円〜305,000円（固定残業代を含む）",https://kurazemi.saiyo-job.jp/dsaiyo/vvvo/pc_job/show/ko048/1038
2026-04-22,コペル,児童指導員,株式会社クラ・ゼミ 児童指導員 求人情報：埼玉県白岡市,埼玉県白岡市新白岡4丁目6-13ルネ新白岡駅前1階区画4番,首都圏,210000,305000,monthly,"月給210,000円〜305,000円（固定残業代を含む）",https://kurazemi.saiyo-job.jp/dsaiyo/vvvo/pc_job/show/ko047/1037
2026-04-22,コペル,児童指導員,株式会社クラ・ゼミ 児童指導員 求人情報：埼玉県和光市,埼玉県和光市本町11番7コーラル店舗 1F,首都圏,210000,305000,monthly,"月給210,000円〜305,000円（固定残業代を含む）",https://kurazemi.saiyo-job.jp/dsaiyo/vvvo/pc_job/show/ko046/1036
2026-04-22,コペル,児童指導員,株式会社クラ・ゼミ 児童指導員 求人情報：埼玉県蓮田市,埼玉県蓮田市東5丁目3-2イーリス 1F-B,首都圏,210000,305000,monthly,"月給210,000円〜305,000円（固定残業代を含む）",https://kurazemi.saiyo-job.jp/dsaiyo/vvvo/pc_job/show/ko045/1035
2026-04-22,コペル,児童指導員,株式会社クラ・ゼミ 児童指導員 求人情報：埼玉県本庄市,埼玉県本庄市けや木2丁目2-3リリア本庄 201,首都圏,210000,305000,monthly,"月給210,000円〜305,000円（固定残業代を含む）",https://kurazemi.saiyo-job.jp/dsaiyo/vvvo/pc_job/show/ko044/1034
2026-04-22,コペル,児童指導員,株式会社クラ・ゼミ 児童指導員 求人情報：千葉県千葉市花見川区,千葉県千葉市花見川区幕張町5丁目187-1幕張センタービル4階,首都圏,210000,305000,monthly,"月給210,000円〜305,000円（固定残業代を含む）",https://kurazemi.saiyo-job.jp/dsaiyo/vvvo/pc_job/show/ko073/1015
2026-04-22,コペル,児童指導員,株式会社クラ・ゼミ 児童指導員 求人情報：千葉県野田市,千葉県野田市つつみ野1丁目2-2つつみ野巽倉庫付事務所,首都圏,210000,305000,monthly,"月給210,000円〜305,000円（固定残業代を含む）",https://kurazemi.saiyo-job.jp/dsaiyo/vvvo/pc_job/show/ko072/1014
2026-04-22,コペル,児童指導員,株式会社クラ・ゼミ 児童指導員 求人情報：千葉県成田市,千葉県成田市公津の杜3丁目6-6Villa Freude 0101号室,首都圏,210000,305000,monthly,"月給210,000円〜305,000円（固定残業代を含む）",https://kurazemi.saiyo-job.jp/dsaiyo/vvvo/pc_job/show/ko071/1013
2026-04-22,コペル,児童指導員,株式会社クラ・ゼミ 児童指導員 求人情報：千葉県野田市,千葉県野田市山崎1331番地80リームI 101・102,首都圏,210000,305000,monthly,"月給210,000円〜305,000円（固定残業代を含む）",https://kurazemi.saiyo-job.jp/dsaiyo/vvvo/pc_job/show/ko070/1012
2026-04-22,コペル,児童指導員,株式会社クラ・ゼミ 児童指導員 求人情報：千葉県流山市,千葉県流山市江戸川台東1丁目10サンパティーク 101,首都圏,210000,305000,monthly,"月給210,000円〜305,000円（固定残業代を含む）",https://kurazemi.saiyo-job.jp/dsaiyo/vvvo/pc_job/show/ko069/1011
2026-04-22,コペル,児童指導員,株式会社クラ・ゼミ 児童指導員 求人情報：愛知県東海市,愛知県東海市大田町蟹田1001番地魚信ビル2F,東海,205000,300000,monthly,"月給205,000円〜300,000円（固定残業代を含む）",https://kurazemi.saiyo-job.jp/dsaiyo/vvvo/pc_job/show/ko136/1084
2026-04-22,コペル,児童指導員,株式会社クラ・ゼミ 児童指導員 求人情報：愛知県名古屋市緑区,愛知県名古屋市緑区神沢3-911-1,東海,205000,300000,monthly,"月給205,000円〜300,000円（固定残業代を含む）",https://kurazemi.saiyo-job.jp/dsaiyo/vvvo/pc_job/show/ko135/1083
2026-04-22,コペル,児童指導員,株式会社クラ・ゼミ 児童指導員 求人情報：愛知県小牧市,愛知県小牧市中央2-149ステータスビル２階B号室,東海,205000,300000,monthly,"月給205,000円〜300,000円（固定残業代を含む）",https://kurazemi.saiyo-job.jp/dsaiyo/vvvo/pc_job/show/ko133/1082
2026-04-22,コペル,児童指導員,株式会社クラ・ゼミ 児童指導員 求人情報：愛知県名古屋市名東区,愛知県名古屋市名東区明が丘124-2Ami Ami Annex5F,東海,205000,300000,monthly,"月給205,000円〜300,000円（固定残業代を含む）",https://kurazemi.saiyo-job.jp/dsaiyo/vvvo/pc_job/show/ko131/1081
2026-04-22,コペル,児童指導員,株式会社クラ・ゼミ 児童指導員 求人情報：愛知県名古屋市北区,愛知県名古屋市北区平安1-3-25アスペン上田ビル2F,東海,205000,300000,monthly,"月給205,000円〜300,000円（固定残業代を含む）",https://kurazemi.saiyo-job.jp/dsaiyo/vvvo/pc_job/show/ko130/1080
2026-04-22,コペル,児童指導員,株式会社クラ・ゼミ 児童指導員 求人情報：静岡県藤枝市,静岡県藤枝市前島1-9-40ナカエンタープライズビル 1F,東海,205000,300000,monthly,"月給205,000円〜300,000円（固定残業代を含む）",https://kurazemi.saiyo-job.jp/dsaiyo/vvvo/pc_job/show/ko124/1109
2026-04-22,コペル,児童指導員,株式会社クラ・ゼミ 児童指導員 求人情報：静岡県静岡市葵区,静岡県静岡市葵区栄町5-1レイアップ栄町ビル 3F,東海,205000,300000,monthly,"月給205,000円〜300,000円（固定残業代を含む）",https://kurazemi.saiyo-job.jp/dsaiyo/vvvo/pc_job/show/ko123/1108
2026-04-22,コペル,児童指導員,株式会社クラ・ゼミ 児童指導員 求人情報：静岡県静岡市清水区,静岡県静岡市清水区草薙一里山18-7,東海,205000,300000,monthly,"月給205,000円〜300,000円（固定残業代を含む）",https://kurazemi.saiyo-job.jp/dsaiyo/vvvo/pc_job/show/ko122/1107
2026-04-22,コペル,児童発達支援管理責任者,株式会社クラ・ゼミ サービス管理責任者 求人情報：静岡県浜松市中央区,静岡県浜松市中央区田町230番地151F,東海,259720,259720,monthly,"月給259,720円〜（固定残業代、一律支給手当を含む）",https://kurazemi.saiyo-job.jp/dsaiyo/vvvo/pc_job/show/aj215/494
2026-04-22,コペル,児童発達支援管理責任者,株式会社クラ・ゼミ サービス管理責任者 求人情報：静岡県浜松市中央区,静岡県浜松市中央区鍛冶町140番地4浜松Aﾋﾞﾙ 北館5階A室,東海,259720,259720,monthly,"月給259,720円〜（固定残業代、一律支給手当を含む）",https://kurazemi.saiyo-job.jp/dsaiyo/vvvo/pc_job/show/aj214/493
2026-04-22,ビーマスポーツ,,コーチスタッフ（アルバイト募集要項）,biima sportsの各教室,その他,,,unknown,◆,https://biima.co.jp/sports/recruit/#アルバイト募集要項
2026-04-22,ネイスプラス,,経理,東京本社,首都圏,292000,334000,unknown,"292,000円～334,000円",https://ne-is.com/recruit/career/job-description/---id-1.html
2026-04-22,ネイスプラス,,新規出店支援,東京本社、各新規出店の教室先,首都圏,300000,430000,unknown,"300,000円～430,000円",https://ne-is.com/recruit/career/job-description/---id-2.html
2026-04-22,ネイスプラス,,広告運用,東京本社,首都圏,300000,350000,unknown,"300,000円～350,000円",https://ne-is.com/recruit/career/job-description/---id-3.html
2026-04-22,ネイスプラス,,体操インストラクター,東京都、千葉県、埼玉県、神奈川県、群馬県の各直営店,首都圏,285000,300000,unknown,"新卒：285,000円　中途：300,000円～",https://ne-is.com/recruit/career/job-description/---id-5.html
2026-04-22,ネイスプラス,児童発達支援管理責任者,児童発達支援管理責任者,柏校、新松戸校、常盤平校、吉川美南校、越谷校、戸塚安行校、東川口校、川口元郷校、浦和美園校、浦和校、イオン大宮校,その他,345000,390000,monthly,"月給 345,000円 〜 390,000円",https://ne-is.com/recruit/career/job-description/---id-8.html
2026-04-22,ネイスプラス,児童発達支援管理責任者,サービス管理責任者,柏、新松戸、常盤平、大宮,その他,340000,385000,unknown,"340,000円～385,000円",https://ne-is.com/recruit/career/job-description/---id-9.html
2026-04-22,ネイスプラス,理学療法士,理学療法士,柏校、新松戸校、常盤平校、吉川美南校、越谷校、戸塚安行校、東川口校、川口元郷校、浦和美園校、浦和校、イオン大宮校,その他,280000,330000,monthly,"月給 280,000円 〜 330,000円",https://ne-is.com/recruit/career/job-description/---id-11.html
2026-04-22,ネイスプラス,作業療法士,作業療法士,柏校、新松戸校、常盤平校、吉川美南校、越谷校、戸塚安行校、東川口校、川口元郷校、浦和美園校、浦和校、イオン大宮校,その他,280000,330000,monthly,"月給 280,000円 〜 330,000円",https://ne-is.com/recruit/career/job-description/---id-12.html
2026-04-22,ネイスプラス,,公認心理師/臨床心理士,柏校、新松戸校、常盤平校、吉川美南校、越谷校、戸塚安行校、東川口校、川口元郷校、浦和美園校、浦和校、イオン大宮校,その他,280000,330000,monthly,"月給 280,000円 〜 330,000円",https://ne-is.com/recruit/career/job-description/---id-13.html
2026-04-22,ネイスプラス,,言語聴覚士,柏校、新松戸校、常盤平校、吉川美南校、越谷校、戸塚安行校、東川口校、川口元郷校、浦和美園校、浦和校、イオン大宮校,その他,280000,330000,monthly,"月給 280,000円 〜 330,000円",https://ne-is.com/recruit/career/job-description/---id-14.html
2026-04-22,ネイスプラス,児童指導員,児童指導員/指導員,柏校、新松戸校、常盤平校、吉川美南校、越谷校、戸塚安行校、東川口校、川口元郷校、浦和美園校、浦和校、イオン大宮校,その他,260000,320000,monthly,"月給 260,000円 〜 320,000円",https://ne-is.com/recruit/career/job-description/---id-7.html
2026-04-22,ネイスプラス,保育士,保育士,柏校、新松戸校、常盤平校、吉川美南校、越谷校、戸塚安行校、東川口校、川口元郷校、浦和美園校、浦和校、イオン大宮校,その他,270000,325000,monthly,"月給 270,000円 〜 325,000円",https://ne-is.com/recruit/career/job-description/---id-10.html
2026-04-22,ネイスプラス,,コールセンター,埼玉支社,首都圏,1200,1500,unknown,"1,200円（土日：1,500円）",https://ne-is.com/recruit/career/job-description/---id-4.html
2026-04-22,ネイスプラス,,知育講師,東京都、千葉県、埼玉県、神奈川県、群馬県の各直営店,首都圏,1000,1300,unknown,"1,000円～1,300円",https://ne-is.com/recruit/career/job-description/---id-6.html
2026-04-22,リタリコ,児童発達支援管理責任者,児童発達支援管理責任者,,その他,304200,340900,monthly,"月給 304,200円 ~ 340,900円",https://jp.indeed.com/viewjob?jk=4275ccc9717344db
2026-04-22,リタリコ,児童発達支援管理責任者,児童発達支援管理責任者,,その他,304200,340900,monthly,"月給 304,200円 ~ 340,900円",https://jp.indeed.com/viewjob?jk=9e593ab6ef7008fd
2026-04-22,リタリコ,児童発達支援管理責任者,児童発達支援での児童発達支援管理責任者,愛知県 名古屋市 名東区 一社駅,東海,263600,376900,monthly,"月給 263,600円 ~ 376,900円",https://jp.indeed.com/viewjob?jk=6de866baf4656eed
2026-04-22,リタリコ,児童発達支援管理責任者,児童発達支援・放課後デイサービスでの児童発達支援管理責任者,大阪府 大阪市 淀川区 西中島南方駅,関西,263600,376900,monthly,"月給 263,600円 ~ 376,900円",https://jp.indeed.com/viewjob?jk=410dd8e2fd818603
2026-04-22,リタリコ,児童発達支援管理責任者,児童発達支援管理責任者,,その他,290000,398400,monthly,"月給 290,000円 ~ 398,400円",https://jp.indeed.com/viewjob?jk=919577fb0a26ae50
2026-04-22,リタリコ,児童発達支援管理責任者,児童発達支援管理責任者,,その他,290000,398400,monthly,"月給 290,000円 ~ 398,400円",https://jp.indeed.com/viewjob?jk=456789abcdef0123
2026-04-22,リタリコ,児童発達支援管理責任者,新規2店舗目 正社員 サービス管理責任者　就労継続支援B型,福岡県 福岡市 博多区 比恵町,その他,415000,565000,monthly,月給 41.5万円 ~ 56.5万円,https://jp.indeed.com/viewjob?jk=c053bb4a673ff913
2026-04-22,リタリコ,児童発達支援管理責任者,児童発達支援管理責任者,神奈川県 藤沢市 長後,首都圏,310000,330000,monthly,月給 31万円 ~ 33万円,https://jp.indeed.com/viewjob?jk=ccdd9eb52e108f2a
2026-04-22,リタリコ,児童発達支援管理責任者,サービス管理責任者,福岡県 福岡市 博多区 比恵町,その他,350000,500000,monthly,月給 35万円 ~ 50万円,https://jp.indeed.com/viewjob?jk=2441cb23f5b6e82f
2026-04-22,リタリコ,児童発達支援管理責任者,放課後等デイサービスの児童発達支援管理責任者,岐阜県 多治見市 多治見駅,東海,260500,295500,monthly,"月給 260,500円 ~ 295,500円",https://jp.indeed.com/viewjob?jk=8a479da92dbe7066
2026-04-22,リタリコ,児童発達支援管理責任者,児童発達支援管理責任者,神奈川県 横浜市 金沢区 金沢文庫駅,首都圏,330000,340900,monthly,"月給 330,000円 ~ 340,900円",https://jp.indeed.com/viewjob?jk=e4b6f4e7434a0daf
2026-04-22,リタリコ,児童発達支援管理責任者,放課後等デイサービスの児童発達支援管理責任者,大阪府 大阪市 旭区 千林大宮駅,関西,330000,400000,monthly,月給 33万円 ~ 40万円,https://jp.indeed.com/viewjob?jk=c9bffd1a641503fb
2026-04-22,リタリコ,児童発達支援管理責任者,児童発達支援管理責任者,神奈川県 横浜市 都筑区 センター南駅,首都圏,330000,340900,monthly,"月給 330,000円 ~ 340,900円",https://jp.indeed.com/viewjob?jk=6fad746b4027f579
2026-04-22,リタリコ,児童発達支援管理責任者,放課後等デイサービスの児童発達支援管理責任者,宮城県 仙台市 泉区 泉中央駅,その他,250000,270000,monthly,月給 25万円 ~ 27万円,https://jp.indeed.com/viewjob?jk=449005fcbf192704
2026-04-22,リタリコ,児童発達支援管理責任者,教室長(児童発達支援管理責任者),宮城県 仙台市 泉区 黒松駅,その他,270000,270000,monthly,月給 27万円 以上,https://jp.indeed.com/viewjob?jk=c4b430a5ebd188ba
2026-04-22,リタリコ,児童発達支援管理責任者,放課後等デイサービスの児童発達支援管理責任者,東京都 多摩市 小田急永山駅,首都圏,320000,320000,monthly,月給 32万円 以上,https://jp.indeed.com/viewjob?jk=1508bb9566f3273a
2026-04-22,LUMO,児童発達支援管理責任者,放課後等デイサービスの児童発達支援管理責任者(jc1412)/kyk,,その他,309800,359800,monthly,"月給 309,800円 ~ 359,800円",https://jp.indeed.com/viewjob?jk=4783a3e264a0aabf
2026-04-22,LUMO,児童発達支援管理責任者,児童発達支援施設の児童発達支援管理責任者(jc1446)/kyk,,その他,309800,359800,monthly,"月給 309,800円 ~ 359,800円",https://jp.indeed.com/viewjob?jk=127ea8adabe2c3dd
2026-04-22,LUMO,児童発達支援管理責任者,児童発達支援・放課後デイサービスでの児童発達支援管理責任者,愛知県 名古屋市 瑞穂区 総合リハビリセンター駅,東海,220000,220000,monthly,月給 22万500円 以上,https://jp.indeed.com/viewjob?jk=8da6dc0c08678249
2026-04-22,LUMO,児童発達支援管理責任者,放課後等デイサービスの児童発達支援管理責任者,東京都 港区 三田駅,首都圏,356500,370000,monthly,"月給 356,500円 ~ 370,000円",https://jp.indeed.com/viewjob?jk=5050501fd91e6123
2026-04-22,LUMO,児童発達支援管理責任者,放課後等デイサービスの児童発達支援管理責任者,東京都 港区 三田駅,首都圏,309800,359800,monthly,"月給 309,800円 ~ 359,800円",https://jp.indeed.com/viewjob?jk=b081f25ea42058f9
2026-04-22,LUMO,児童発達支援管理責任者,放課後等デイサービスの児童発達支援管理責任者,東京都 港区 白金高輪駅,首都圏,309800,359800,monthly,"月給 309,800円 ~ 359,800円",https://jp.indeed.com/viewjob?jk=f4c5927eeef6cab0
2026-04-22,LUMO,児童発達支援管理責任者,放課後等デイサービスの児童発達支援管理責任者,兵庫県 西宮市 夙川駅,関西,309800,359800,monthly,"月給 309,800円 ~ 359,800円",https://jp.indeed.com/viewjob?jk=22666d1be9f5ba6a
2026-04-22,LUMO,児童発達支援管理責任者,放課後等デイサービスの児童発達支援管理責任者,兵庫県 西宮市 今津駅,関西,309800,359800,monthly,"月給 309,800円 ~ 359,800円",https://jp.indeed.com/viewjob?jk=19a1eabe14ba14df
2026-04-22,LUMO,児童発達支援管理責任者,放課後等デイサービスの児童発達支援管理責任者,兵庫県 西宮市 JR西宮駅,関西,309800,359800,monthly,"月給 309,800円 ~ 359,800円",https://jp.indeed.com/viewjob?jk=32ff2e4075bfec52
2026-04-22,LUMO,児童発達支援管理責任者,放課後等デイサービスの児童発達支援管理責任者,兵庫県 西宮市 甲子園口駅,関西,309800,359800,monthly,"月給 309,800円 ~ 359,800円",https://jp.indeed.com/viewjob?jk=ab35a3b20d75f302
2026-04-22,LUMO,児童発達支援管理責任者,放課後等デイサービスの児童発達支援管理責任者,兵庫県 尼崎市 大物駅,関西,309800,359800,monthly,"月給 309,800円 ~ 359,800円",https://jp.indeed.com/viewjob?jk=1b601d13363ba0cc
2026-04-22,LUMO,児童発達支援管理責任者,放課後等デイサービスの児童発達支援管理責任者,兵庫県 尼崎市 猪名寺駅,関西,309800,359800,monthly,"月給 309,800円 ~ 359,800円",https://jp.indeed.com/viewjob?jk=23871e61cd9238ee
2026-04-22,LUMO,児童発達支援管理責任者,放課後等デイサービスの児童発達支援管理責任者,兵庫県 尼崎市 富松町,関西,309800,359800,monthly,"月給 309,800円 ~ 359,800円",https://jp.indeed.com/viewjob?jk=3c80ce40b069bc60
2026-04-22,LUMO,児童発達支援管理責任者,放課後等デイサービスの児童発達支援管理責任者,埼玉県 さいたま市 南区 南浦和駅,首都圏,309800,359800,monthly,"月給 309,800円 ~ 359,800円",https://jp.indeed.com/viewjob?jk=68dec3e77cacf224
2026-04-22,LUMO,児童発達支援管理責任者,放課後等デイサービスの児童発達支援管理責任者,兵庫県 尼崎市 武庫之荘駅,関西,300000,370000,monthly,月給 30万円 ~ 37万円,https://jp.indeed.com/viewjob?jk=2c6a70e719c34dbf
